0,Roxie,Панова Алевтина Даниловна,4120,False,9,False
1,Roderic,Кулагин Мина Глебович,211,False,469,True
2,Stuart,Фролов Никанор Валерианович,2722,False,55,False
3,Marlie,Виноградова Ирина Матвеевна,4550,False,950,False
4,Anders,Белозеров Евгений Юлианович,1095,True,11,True
5,Anissa,Щукина Пелагея Захаровна,1188,True,309,False
6,Adron,Фомин Аполлинарий Ермолаевич,4079,True,158,False
7,Luverne,Комиссарова Евдокия Аскольдовна,2494,True,751,False
8,Byron,Сазонов Орест Жоресович,1390,False,662,True
9,Zebulon,Морозов Зиновий Васильевич,4467,True,459,True
10,Georgina,Ия Анатольевна Аксенова,2887,True,147,True
11,Ula,Василиса Тимофеевна Князева,889,False,129,True
12,Arvo,Лихачев Светозар Ефремович,3459,True,287,False
13,Adam,г-н Кошелев Валерьян Исидорович,1327,True,613,True
14,Izola,Денисов Платон Даниилович,4006,True,209,True
15,Luca,Марков Викентий Ааронович,2908,False,448,False
16,Jewel,Николаева Синклитикия Матвеевна,2391,False,714,False
17,Angel,Фёкла Ивановна Котова,1889,False,636,False
18,Allena,Пономарев Лаврентий Харлампьевич,1824,False,243,False
19,Yamilex,Вероника Рудольфовна Шубина,349,True,870,False
20,Rosia,Устинов Елисей Жоресович,1601,True,692,False
21,Tilman,Сидоров Силантий Викторович,1379,False,367,False
22,Taya,Нинель Константиновна Корнилова,3968,False,288,False
23,Florene,Демид Ефстафьевич Журавлев,3925,False,452,False
24,Ian,Артем Ефремович Захаров,4959,True,255,True
25,Emiliano,Ювеналий Арсенович Рожков,812,False,889,False
26,Magan,Зинаида Юрьевна Афанасьева,4656,False,794,True
27,Arnold,Русакова Людмила Ивановна,4330,False,22,True
28,Katarina,Кондратьева Людмила Эдуардовна,2628,False,829,True
29,Casimiro,Марина Рудольфовна Трофимова,1868,False,729,True
30,Tito,Фомичев Филарет Антипович,3315,False,443,True
31,Elsa,Ульяна Валериевна Костина,4765,False,581,False
32,Fiona,Глеб Исидорович Куликов,4533,True,463,True
33,Susana,Мясников Емельян Ефимьевич,2866,False,779,True
34,Kacey,Борис Иосифович Виноградов,1504,False,975,False
35,Millard,Аггей Денисович Медведев,422,True,829,False
36,Jame,Наталья Оскаровна Рожкова,4292,False,317,True
37,Brittney,Василиса Станиславовна Киселева,4867,False,32,True
38,Kylan,Фирс Артёмович Федотов,2001,False,799,False
39,Reece,Гришина Лидия Федоровна,2317,False,969,False
40,Alexa,Петухов Дементий Игнатьевич,4386,False,551,True
41,Addie,Прохорова Наина Артемовна,2963,True,58,True
42,Lucas,Лука Викторович Одинцов,4239,True,806,True
43,Lonnie,Ксения Аскольдовна Попова,1074,False,396,True
44,Goldia,Гусев Елисей Тарасович,194,False,322,False
45,Izayah,Марфа Яковлевна Дорофеева,1617,True,186,True
46,Bryn,Владимир Гаврилович Симонов,1972,True,577,True
47,Donovan,Эрнест Гурьевич Калинин,4827,False,530,False
48,Cierra,Кулаков Валерьян Богданович,3628,True,592,True
49,Lovina,Фадеева Агафья Анатольевна,2521,False,964,False
50,Wess,Наум Богданович Мартынов,2489,True,884,False
51,Taniya,Кулагина Лидия Тимуровна,2953,False,391,True
52,Tarsha,Данилова Майя Дмитриевна,2681,False,561,False
53,Columbus,Большакова Светлана Андреевна,2655,True,814,False
54,Evalena,Ситников Порфирий Измаилович,1705,True,660,True
55,Bernie,Михаил Артёмович Русаков,1717,False,904,False
56,Coolidge,Мухина Александра Тимуровна,3796,True,613,False
57,Reubin,Елизар Филимонович Ситников,4361,False,141,True
58,Tawanna,Тихонов Андрей Брониславович,549,True,758,True
59,Dominga,Ефрем Ефимьевич Воронов,1506,True,387,True
60,Cleveland,Егоров Ерофей Дорофеевич,2848,True,796,True
61,Kathlene,Блинова Наталья Викторовна,4931,True,221,True
62,Gorge,Блинова Елена Тимуровна,1915,False,988,True
63,Keenan,Любовь Ниловна Мухина,2972,True,811,True
64,Keifer,Козлов Платон Антонович,557,False,45,True
65,Foster,Филарет Филиппович Кузнецов,1241,True,7,True
66,Daja,Савина Анастасия Сергеевна,4946,False,596,True
67,Darwin,Устин Ануфриевич Комаров,1035,True,365,False
68,Melba,Анжела Сергеевна Евсеева,2395,False,826,False
69,Florencio,Творимир Евсеевич Ильин,2420,True,277,False
70,Thedore,Орлов Семен Трифонович,3443,False,608,True
71,Charlottie,Лукина Эмилия Семеновна,705,False,647,True
72,Clarinda,Оксана Даниловна Аксенова,1195,True,734,True
73,Margene,Мария Степановна Журавлева,3261,False,216,False
74,Moises,Васильев Яков Бориславович,1180,True,464,True
75,Eileen,Морозов Богдан Тихонович,3351,True,138,True
76,King,Святослав Владиленович Панов,811,True,304,True
77,Edward,Тихон Архипович Назаров,3049,True,283,False
78,Corda,Попова Фёкла Геннадьевна,823,True,956,False
79,Claudius,Раиса Константиновна Молчанова,3285,True,510,True
80,Early,Филиппов Яков Захарьевич,2362,False,631,False
81,Giovani,Виктория Вячеславовна Зыкова,3935,True,744,False
82,Elzy,Иннокентий Ерофеевич Калинин,512,True,830,False
83,Chante,г-жа Корнилова Оксана Васильевна,4330,True,369,True
84,Dean,Галактион Демидович Фомичев,2872,False,928,False
85,Kenley,тов. Тетерин Твердислав Ануфриевич,1323,True,759,True
86,Author,Хохлова Октябрина Валентиновна,4675,True,855,True
87,Omari,Брагина Элеонора Яковлевна,937,True,662,False
88,Natosha,Зоя Ниловна Денисова,4145,True,815,True
89,Lottie,Мария Кузьминична Андреева,4232,True,908,False
90,Janiyah,Автоном Авдеевич Белоусов,3743,True,183,False
91,Gloria,Надежда Геннадиевна Королева,2447,True,963,False
92,Iris,Ксения Оскаровна Ларионова,1285,True,612,False
93,Naima,Казакова Клавдия Тарасовна,815,True,946,True
94,Mina,Лидия Андреевна Кудрявцева,4430,True,779,True
95,Buelah,Полина Ефимовна Комарова,1283,True,738,True
96,Essie,Беспалов Глеб Валерьянович,3880,False,753,False
97,Samual,Наумов Святополк Иларионович,1112,False,392,False
98,Guilford,Игнатьев Ананий Всеволодович,367,True,277,False
99,Cammie,Антонина Геннадиевна Кононова,380,False,760,True
100,Hertha,Феврония Федоровна Пономарева,4098,False,788,True
101,Amir,Жуков Виссарион Дмитриевич,878,True,910,False
102,Rylan,Алла Архиповна Семенова,1644,False,607,False
103,Forrest,Ян Фадеевич Алексеев,2946,False,267,True
104,Roxane,Марина Рубеновна Мартынова,345,True,281,False
105,Starling,Антонина Эдуардовна Бирюкова,4775,False,752,True
106,Gerold,Крюкова Маргарита Семеновна,612,False,819,False
107,Hays,Евсей Давыдович Быков,2328,False,359,True
108,Adah,Радислав Германович Куликов,503,False,860,False
109,Sybilla,Клавдия Станиславовна Крылова,4343,True,976,False
110,Tayla,Тамара Архиповна Ершова,3788,False,827,False
111,Amiah,Аксенова Алина Ниловна,3422,False,220,False
112,Adolf,Самойлов Савватий Герасимович,3925,True,155,False
113,Lilyana,Лариса Макаровна Цветкова,829,True,495,True
114,Bonita,Лихачев Мирон Юльевич,889,False,737,True
115,Tex,Ангелина Вадимовна Маслова,3602,True,488,False
116,Jayde,Эмилия Максимовна Копылова,4149,False,240,False
117,Dossie,Эмилия Даниловна Смирнова,3096,True,255,True
118,Fanny,Зоя Сергеевна Крюкова,205,True,711,True
119,Earlie,Миронов Ипат Борисович,745,True,733,True
120,Brook,Беляков Фрол Ерофеевич,4590,False,524,False
121,Elmo,Тихон Демидович Исаков,1602,True,824,False
122,Andrae,Аггей Августович Бобылев,1736,True,788,False
123,French,Гуляева Раиса Яковлевна,4079,True,572,True
124,Eliza,Азарий Филиппович Ларионов,2601,False,695,False
125,Burnell,Игнатьева Агата Феликсовна,1854,True,715,False
126,Council,Евдокимова Олимпиада Богдановна,1633,True,169,True
127,Jarret,Алевтина Алексеевна Третьякова,3391,False,163,False
128,Alfredo,Регина Мироновна Шилова,4859,True,752,False
129,Leo,Кира Леоновна Корнилова,3131,True,244,False
130,Sergio,Егорова Нинель Антоновна,1802,False,901,True
131,Lillian,Иванна Константиновна Носова,3159,True,246,False
132,Tavares,Ермолай Трофимович Мухин,2512,True,15,False
133,Shiloh,Муравьев Натан Харитонович,3260,False,459,False
134,Alycia,Калинин Викентий Авдеевич,2514,True,222,True
135,Aditya,Григорьев Эммануил Ермилович,1980,False,16,True
136,Glenn,Болеслав Исидорович Медведев,3116,False,968,False
137,Jerrica,Давыдов Прокл Устинович,343,False,171,False
138,Lillia,Данилова Иванна Рудольфовна,474,False,887,False
139,Darcie,Любовь Валентиновна Ситникова,2402,False,301,True
140,Emmit,Сидоров Захар Викторович,4941,True,128,False
141,Lella,Антонина Тимофеевна Пестова,473,False,584,True
142,Chelsey,Татьяна Кирилловна Гуляева,3648,True,188,False
143,Emilia,Василиса Вячеславовна Кириллова,3406,True,39,False
144,Candace,Артемьев Фотий Ильясович,1588,False,105,False
145,Dione,Комиссаров Эрнст Александрович,2381,True,285,False
146,Nikko,тов. Карпова Александра Леоновна,4574,True,534,False
147,Laurene,Ратибор Валерианович Рябов,4034,False,830,False
148,Samie,Валерия Харитоновна Фокина,2810,True,824,True
149,Larry,Леон Эдуардович Назаров,4575,False,672,False
150,Kaelynn,Исаева Нинель Артемовна,1255,True,62,True
151,Tobe,Фёкла Кузьминична Коновалова,985,False,274,False
152,Algie,Октябрина Анатольевна Баранова,3620,False,275,True
153,Tyra,Лидия Леоновна Дьячкова,1732,False,438,False
154,Gennaro,Надежда Робертовна Орехова,1606,False,317,True
155,Maggie,Ладислав Дорофеевич Зуев,301,False,116,True
156,Carmelo,Оксана Даниловна Корнилова,1498,False,252,False
157,Ola,Зосима Антонович Ефимов,341,False,418,True
158,Bettylou,Екатерина Эдуардовна Алексеева,2638,True,690,False
159,Margaret,Беляев Вадим Устинович,4053,False,409,False
160,Dallin,Ольга Павловна Сорокина,4704,False,882,True
161,Tamela,Оксана Станиславовна Романова,1417,True,183,True
162,Briley,Наталья Вениаминовна Одинцова,342,True,843,True
163,Jaida,Станимир Витальевич Сафонов,1707,False,190,False
164,Dorothea,Флорентин Устинович Фомичев,3259,False,980,True
165,Jeraldine,Макар Фролович Ширяев,270,True,824,False
166,Audley,Нестеров Аскольд Зиновьевич,2198,True,662,False
167,Rashawn,Феврония Алексеевна Боброва,4869,False,198,True
168,Blanca,Феврония Юрьевна Мельникова,4209,False,145,False
169,Esker,Кира Ниловна Рожкова,3069,True,738,False
170,Ottilie,Самсонов Илья Фёдорович,2417,False,69,True
171,Derrell,Щербакова Ираида Павловна,1383,False,630,True
172,Roderick,Котова Феврония Харитоновна,1889,False,694,True
173,Amie,Алина Леонидовна Владимирова,156,True,736,True
174,Vickey,Тамара Вячеславовна Зайцева,2273,True,216,False
175,Bailey,Никифорова Пелагея Натановна,2756,True,591,True
176,Nicky,Дементьев Савва Авдеевич,3006,True,49,False
177,Everette,Милица Петровна Кулакова,1572,False,355,False
178,Haywood,Мартынов Святополк Фадеевич,687,False,998,False
179,Fitzhugh,Никонов Исай Дорофеевич,4133,False,680,True
180,Jovani,Трифон Гавриилович Логинов,748,True,651,False
181,Thurston,Гаврила Тимурович Лебедев,629,False,832,True
182,Monte,Соколова Алла Артемовна,2961,True,409,False
183,Kandace,Тетерин Михей Германович,3772,False,25,False
184,Jorden,тов. Беляков Андроник Всеволодович,4029,True,452,True
185,Venice,Баранова София Константиновна,4437,True,208,False
186,Kaylen,Савелий Изотович Лапин,2959,True,231,True
187,Ansley,Жанна Романовна Гущина,4753,True,48,True
188,Alexander,Кондратьев Лаврентий Жоресович,2894,True,346,True
189,Calleigh,Киселев Лев Жоресович,952,False,584,False
190,Colby,Фролов Вадим Федотович,3152,True,22,True
191,Kenneth,Фёкла Леоновна Галкина,3556,False,754,False
192,Kaela,Михайлова Евгения Сергеевна,2771,True,508,True
193,Rubie,Смирнов Казимир Жоресович,1528,False,215,False
194,Thomas,Галкин Нестор Ильясович,3422,False,417,True
195,Pennie,Гаврилова Иванна Аркадьевна,2031,True,417,False
196,Brinley,Гордеева Нонна Кирилловна,320,False,356,False
197,Oren,Светлана Олеговна Стрелкова,4258,True,701,False
198,Baker,Вера Николаевна Мартынова,347,True,920,True
199,Jenna,Нифонт Филатович Афанасьев,1389,False,951,False
200,Brittni,Королев Илья Анисимович,348,False,737,False
201,Ahmed,Петрова Полина Сергеевна,290,True,844,True
202,Brooklynn,Колобова Любовь Эльдаровна,3170,True,91,False
203,Booker,Майя Макаровна Белякова,812,True,569,True
204,Edmon,Гусев Никита Якубович,1523,True,930,False
205,Zenas,Фока Ефимович Костин,613,True,423,True
206,Red,Дмитриев Мина Феоктистович,808,True,43,False
207,Alvaro,Петр Ефремович Попов,1725,False,668,True
208,Huston,Лонгин Андреевич Беляков,4573,True,398,True
209,Tatum,Рябова Ульяна Харитоновна,4638,True,342,False
210,Maira,Галкина Синклитикия Львовна,2565,True,230,True
211,Camilo,Зоя Рубеновна Абрамова,4838,True,461,True
212,Codey,Суворов Артемий Валерьянович,2245,False,86,False
213,Leandra,тов. Андреева Раиса Валериевна,1041,True,472,True
214,Iverson,Капустин Эрнст Артурович,64,False,164,True
215,Tammie,Суворова Синклитикия Игоревна,1979,True,621,False
216,Ephriam,Козлова Мария Львовна,3010,True,654,True
217,Octavius,Меркушева Ирина Егоровна,2115,False,736,True
218,Ozella,Муравьев Иннокентий Фролович,491,False,489,True
219,Shiela,Никита Демьянович Комиссаров,3476,False,436,True
220,Mittie,Ия Степановна Мартынова,4687,True,178,False
221,Epsie,Васильев Панкратий Арсеньевич,484,True,452,True
222,Gertha,Оксана Ждановна Панова,2767,False,662,False
223,Hanson,Зуева Юлия Антоновна,4463,False,387,True
224,Lisa,Воробьев Еремей Эдгардович,1957,False,432,False
225,Maryanne,Носков Феликс Дорофеевич,999,True,93,True
226,Jaime,Королева Ия Робертовна,1086,True,558,True
227,Icie,Цветков Андрон Гавриилович,626,False,628,False
228,Carmen,Суханов Захар Аверьянович,2394,False,589,False
229,Errol,Лобанов Никанор Аверьянович,469,False,477,True
230,Emit,Капустин Касьян Ааронович,4420,True,911,False
231,Baron,Виноградова Фёкла Юрьевна,3958,True,30,False
232,Mackenzie,Лукин Потап Тихонович,3804,True,331,True
233,Ason,Николаев Архип Димитриевич,3275,False,670,False
234,Metha,Аверкий Владиленович Русаков,1325,False,951,True
235,Mahalia,Никитин Аполлинарий Аксёнович,1997,True,262,False
236,Juli,Нина Романовна Тетерина,2485,True,147,True
237,Ladonna,Потапова Эмилия Андреевна,308,False,909,False
238,Tera,Гришина Вероника Аскольдовна,2124,True,853,False
239,Koda,Назаров Петр Аверьянович,2142,True,418,False
240,Lemmie,Ольга Борисовна Колобова,4633,True,279,True
241,Reginald,Гришин Афиноген Феликсович,3370,False,152,True
242,Shania,Нонна Вадимовна Белозерова,4993,True,384,False
243,Collier,Октябрина Вадимовна Дементьева,4723,False,151,True
244,Catina,Белозеров Радислав Филатович,1083,False,236,True
245,Liller,Козлова Александра Натановна,3185,False,927,True
246,Acy,Никитина Зинаида Филипповна,1811,False,93,False
247,Trinity,Федорова Прасковья Валериевна,3759,False,621,True
248,Stephaine,Михеева Прасковья Степановна,2504,True,553,False
249,Cleola,Сидор Жанович Николаев,3300,False,988,False
250,Mortimer,Лора Федоровна Князева,508,True,152,False
251,Lucie,Елизавета Натановна Ковалева,146,True,563,False
252,Fernando,г-жа Дьячкова Вероника Максимовна,1306,False,611,True
253,Anton,Копылова Ульяна Георгиевна,4939,False,142,True
254,Gearld,Фомин Устин Игнатьевич,4527,True,978,True
255,Shanita,Князев Авдей Антипович,1407,False,196,False
256,Lilburn,Нина Константиновна Мамонтова,2735,False,380,True
257,Yee,Никифорова Лариса Сергеевна,1121,True,920,True
258,Michael,Константинов Ираклий Владиленович,4505,False,865,False
259,Clydie,Пестов Сергей Александрович,622,False,726,True
260,Rosabelle,Софрон Яковлевич Кудряшов,2736,True,784,True
261,Elliana,Мирон Архипович Анисимов,4654,True,656,False
262,Tara,Дарья Захаровна Константинова,4206,False,346,True
263,Abigale,Соколов Мефодий Елизарович,4710,False,801,False
264,Treena,София Степановна Волкова,3630,True,406,False
265,Jacklyn,Кузьмин Адриан Артурович,2062,False,530,True
266,Aaden,Марфа Георгиевна Галкина,4374,True,539,True
267,Aniyah,Шилов Филипп Демьянович,1350,False,452,True
268,Powell,г-н Русаков Наум Владиславович,3475,False,156,True
269,Chelsi,Вишняков Денис Артемьевич,2310,True,594,False
270,Pallie,Гусева Фёкла Сергеевна,2517,False,989,False
271,Sherrie,Милан Артемьевич Колобов,2240,False,811,True
272,Noreen,Галкин Антип Артурович,4787,True,619,True
273,Linnie,Евсеева Акулина Павловна,3646,False,253,False
274,Kiley,Антонова Олимпиада Игоревна,3920,False,303,True
275,Angelique,Валентина Сергеевна Абрамова,4712,False,738,False
276,Kraig,Силина Любовь Михайловна,2685,False,496,False
277,Alaya,Гордеева Тамара Натановна,4406,False,62,True
278,Ceola,Ким Венедиктович Архипов,3858,False,545,False
279,Omarion,Меркушев Аполлинарий Адрианович,2320,False,248,True
280,Margret,Евсеева Варвара Федоровна,1547,False,452,True
281,Bolden,Валерия Валериевна Муравьева,3738,False,786,False
282,Polk,Ладислав Филимонович Котов,4973,True,933,False
283,Deanna,Ангелина Георгиевна Исакова,1936,True,882,False
284,Brendan,Соловьев Куприян Анатольевич,4015,False,166,True
285,Domenick,Анжелика Геннадьевна Ильина,3170,True,63,True
286,Cydney,г-жа Молчанова Алина Ефимовна,1281,True,395,True
287,Hassan,Федотова Ангелина Игоревна,3724,True,739,True
288,Giuliana,Лаврентьев Афанасий Эдгарович,4594,False,578,True
289,Lawton,Доронин Пахом Бориславович,2406,True,604,True
290,Ouida,Семен Филиппович Маслов,1083,True,464,True
291,Sasha,Мартынов Селиван Жоресович,1048,True,789,True
292,Foy,Лукин Адриан Богданович,396,False,159,True
293,Gisselle,Прокл Марсович Николаев,3045,False,750,False
294,Lia,Эрнст Матвеевич Кулагин,3952,False,645,True
295,Edmond,Осипов Виссарион Артёмович,2232,True,341,True
296,Einar,тов. Вишнякова Агата Валентиновна,4254,True,139,True
297,Roslyn,Лихачев Эрнест Бориславович,341,True,366,True
298,Stephan,Шилова София Робертовна,2786,True,713,False
299,Seward,Пелагея Кузьминична Емельянова,2927,False,649,True
300,Alissa,Дорофей Ефремович Куликов,3924,True,573,False
301,Joelle,Полина Антоновна Полякова,2854,False,741,True
302,Nina,Наталья Алексеевна Моисеева,4153,True,203,True
303,Crysta,Веселов Ладислав Бенедиктович,1913,False,941,False
304,Joselin,Алина Павловна Мухина,525,True,136,True
305,Essex,Пелагея Валериевна Костина,2848,True,829,True
306,Fuller,Василиса Тимуровна Ковалева,329,True,571,True
307,William,Синклитикия Кирилловна Никонова,4195,True,244,False
308,Cilla,Гордеева Таисия Геннадиевна,4438,True,680,False
309,Shaquita,Панкрат Александрович Елисеев,2954,True,109,False
310,Celestine,Игнатьев Трофим Афанасьевич,2898,True,785,False
311,Jade,Абрамова Елена Вячеславовна,4334,False,373,False
312,Scottie,Кир Демидович Шестаков,3471,False,834,False
313,Cornelious,Зимин Харитон Артёмович,4203,False,531,False
314,Anderson,Павел Валентинович Гаврилов,372,False,295,False
315,Makaila,Лыткин Филипп Трифонович,4318,False,231,True
316,Trilby,Красильников Поликарп Якубович,3015,True,820,True
317,Benjamine,Серафим Харитонович Соловьев,1059,False,20,True
318,Roseann,Вячеслав Ермолаевич Веселов,1735,True,98,False
319,Lenny,Чернов Ладислав Эдуардович,3827,False,789,False
320,Tessa,Лидия Святославовна Лапина,2578,False,199,True
321,Valeria,Никонова Тамара Геннадьевна,3719,False,156,False
322,Sherwood,Тимофей Геннадиевич Некрасов,1684,True,870,True
323,Sondra,Майя Евгеньевна Тетерина,1666,True,390,True
324,Rikki,Виктория Кузьминична Горбачева,1951,False,950,False
325,Justin,Елена Федоровна Селиверстова,2085,True,835,True
326,Abdiel,Иванова Феврония Егоровна,4207,False,310,False
327,Jarvis,Белозерова Кира Леонидовна,4408,True,184,True
328,Lelah,Остромир Антипович Потапов,487,False,464,False
329,Furman,Любим Исидорович Соколов,2509,True,884,False
330,Yasmin,Савва Феодосьевич Дмитриев,1116,False,247,True
331,Chalmers,Аверкий Ермилович Владимиров,4778,False,884,True
332,Muriel,Самсон Архипович Субботин,1946,True,32,False
333,Jerrad,Куприян Августович Андреев,4164,True,504,False
334,Janay,Павлова Ангелина Константиновна,34,False,985,True
335,Denice,Аполлон Глебович Пахомов,2944,True,917,False
336,Drucilla,Федосеев Давыд Фокич,2347,False,941,False
337,Llewellyn,Аггей Юлианович Исаев,224,True,558,True
338,Osborn,Маслова Юлия Константиновна,4935,False,384,True
339,Delta,г-н Назаров Милий Васильевич,1453,True,521,False
340,Christine,Людмила Харитоновна Агафонова,1121,False,534,False
341,Ashlea,Юлия Аркадьевна Гуляева,4159,False,798,True
342,Keena,Раиса Никифоровна Давыдова,2716,False,919,True
343,Virgia,Ксения Евгеньевна Хохлова,2927,False,804,True
344,Dejah,Нестеров Никита Дорофеевич,1386,True,941,True
345,Kash,Елизар Дорофеевич Гуляев,1842,False,815,False
346,Dorine,Громов Мартьян Венедиктович,3130,True,734,True
347,Jamar,Полина Святославовна Гущина,1735,True,249,False
348,Porsha,Беспалова Алина Тимуровна,533,True,100,False
349,Marland,Кира Федоровна Третьякова,1691,True,662,False
350,Chesley,Карпова Эмилия Оскаровна,2785,True,518,True
351,Felicie,Севастьян Ярославович Николаев,4009,False,87,False
352,Gilman,Комарова Светлана Альбертовна,1828,False,401,True
353,Jacalyn,Колесникова Лукия Оскаровна,1440,False,577,False
354,Isabella,Сидорова Фаина Яковлевна,4831,False,653,False
355,Tom,Эмилия Геннадьевна Бурова,280,False,662,True
356,Samira,Дмитрий Ефстафьевич Савельев,3330,False,147,True
357,Ethyl,Сафонов Степан Ярославович,2666,True,379,False
358,Frederick,Шилова Ирина Леонидовна,888,True,578,False
359,Cassie,Сергеев Вацлав Абрамович,3908,True,77,True
360,Melbourne,Тамара Тарасовна Рожкова,1076,False,801,False
361,Marvin,Матвеев Иларион Ильич,4616,False,585,False
362,Grady,Орлова Ангелина Владиславовна,664,True,113,False
363,Lacey,Тамара Олеговна Козлова,3167,True,305,False
364,Mahalie,Вениамин Егорович Афанасьев,984,False,486,False
365,Tea,Зыкова Ангелина Оскаровна,3870,False,785,False
366,Vennie,Евдокимов Платон Ермолаевич,4182,True,274,True
367,Daphne,Назарова Ольга Никифоровна,4366,False,333,True
368,Osbaldo,Герасим Филиппович Михайлов,2517,False,867,True
369,Clementina,Субботина Кира Альбертовна,1504,False,603,True
370,Wilfrid,Зоя Наумовна Медведева,4110,True,673,True
371,Hassie,Трофимова Антонина Яковлевна,2088,False,825,False
372,Heriberto,Лонгин Арсеньевич Сергеев,4507,True,422,True
373,Adelard,Анна Владиславовна Самсонова,3109,False,518,False
374,Park,Петрова Ксения Афанасьевна,2420,True,703,False
375,David,Зимин Аникита Владиленович,1610,False,507,True
376,Jarad,Мария Руслановна Романова,1851,False,833,True
377,Danyel,Горбунова Фёкла Олеговна,4631,False,113,True
378,Jeremiah,Григорьева Таисия Рубеновна,569,False,541,True
379,Robert,Мстислав Тимурович Захаров,852,True,671,True
380,Beckie,Зинаида Богдановна Кулакова,3393,True,689,False
381,Aja,Волкова Светлана Альбертовна,2382,False,582,True
382,Shirl,Гуляев Владлен Харитонович,2605,True,118,True
383,Ovid,тов. Маслова София Васильевна,963,False,940,False
384,Isaiah,Меркушев Леонтий Фёдорович,3110,True,45,True
385,Leonia,Мишин Бажен Адрианович,1314,False,378,True
386,Karyn,Андроник Артемьевич Ершов,3440,False,395,True
387,Lone,Мухин Мирослав Евсеевич,561,True,745,False
388,Deanne,София Валериевна Тарасова,2718,True,108,True
389,Barney,Матвеева Фаина Максимовна,2471,True,442,True
390,Alyce,Яков Филатович Молчанов,2680,True,14,False
391,Elizabeth,Воронцов Доброслав Федотович,4702,True,955,True
392,Christophe,Николаева Синклитикия Яковлевна,831,True,26,True
393,Jeanne,Иванов Силантий Владиславович,4993,True,930,False
394,Braedon,Абрамов Никифор Чеславович,1134,False,182,False
395,Beau,Иван Денисович Ермаков,3874,False,313,False
396,Timmothy,Людмила Филипповна Тимофеева,4911,False,590,True
397,Aurora,Константинов Макар Ефимьевич,3964,False,870,False
398,Darrien,тов. Ковалев Аникита Геннадиевич,3232,False,583,True
399,Trevion,Лазарь Якубович Колобов,3620,False,905,False
400,Mills,Рюрик Германович Виноградов,2927,True,986,False
401,Lauretta,Рюрик Яковлевич Антонов,1339,False,711,False
402,Shanelle,Нонна Сергеевна Константинова,1989,True,408,False
403,Breanne,Исаков Виталий Харлампьевич,947,True,333,False
404,Janis,Александр Федотович Федотов,3682,True,627,True
405,Joline,Зиновий Валентинович Терентьев,4497,False,505,True
406,Alexia,Ксения Егоровна Быкова,3539,False,936,False
407,Nolan,Белоусов Михаил Андреевич,344,False,597,True
408,Kathrine,Панкрат Эдуардович Кабанов,2020,False,564,True
409,Ethelene,Анастасия Георгиевна Чернова,2916,True,10,True
410,Abby,Измаил Валерьянович Щукин,1548,False,803,False
411,Deirdre,Брагина Евгения Захаровна,3412,False,228,False
412,Baldwin,Зоя Натановна Миронова,4509,True,379,True
413,Marcella,Богданова Милица Алексеевна,45,True,308,True
414,Dillie,Сидор Ефстафьевич Филатов,888,False,13,False
415,Shelvie,Феликс Гавриилович Белоусов,1111,True,183,True
416,Hughie,Артемьева Валерия Леонидовна,2225,True,855,False
417,Kennedy,Феофан Димитриевич Петухов,4967,True,311,True
418,Cael,Галина Тимуровна Елисеева,1412,True,205,True
419,Ether,Воронов Август Елизарович,1024,False,954,True
420,Ilene,Соболев Варлаам Валерьянович,2090,True,330,True
421,Lissette,Пимен Васильевич Исаков,2180,False,596,False
422,Kiya,Октябрина Степановна Маркова,4834,False,603,False
423,Priscila,Наум Владиленович Бобров,4052,True,509,True
424,Gunnar,Панова Зинаида Антоновна,4412,False,863,True
425,Bradford,Чернова Мария Евгеньевна,4119,True,205,False
426,Galilea,Авдей Харитонович Крылов,3937,False,671,False
427,Rilla,Кудряшов Чеслав Демидович,3165,True,334,True
428,Stanford,Филатова Евгения Леоновна,2795,False,114,False
429,Celesta,Симонов Лука Иларионович,355,True,1000,False
430,Casimer,Сигизмунд Георгиевич Федоров,2662,True,571,True
431,Dara,Дарья Дмитриевна Костина,344,True,541,False
432,Selina,Кира Леонидовна Алексеева,752,True,351,False
433,Nelda,Быкова Евгения Архиповна,2173,False,55,False
434,Therman,Горшкова Зинаида Петровна,2712,True,88,True
435,Mylie,Элеонора Максимовна Жукова,61,True,904,False
436,Aron,Исакова Варвара Ниловна,4446,True,679,False
437,Araminta,Трофимова Мария Артемовна,1050,True,318,True
438,Bulah,Емельянов Станимир Гурьевич,1738,False,614,False
439,Arizona,Панфилова София Юрьевна,3533,True,655,True
440,Zhane,Модест Филимонович Герасимов,4963,True,802,False
441,Alia,Ермолай Дорофеевич Кулаков,54,True,439,False
442,Shaniece,Наумова Елизавета Харитоновна,3630,False,804,False
443,Aidan,Петр Валерьевич Макаров,638,True,215,False
444,Cortney,Ларионова Иванна Тимофеевна,4518,False,116,False
445,Talia,Элеонора Максимовна Евсеева,3924,False,679,False
446,Merilyn,Зоя Афанасьевна Панова,2158,True,859,False
447,Meaghan,Захаров Осип Валерианович,128,False,595,True
448,Charlene,Попов Казимир Адамович,2489,True,954,True
449,Mack,Амос Евстигнеевич Кузнецов,89,True,45,False
450,Brenna,Федоров Глеб Брониславович,853,True,616,True
451,Arthor,Флорентин Феоктистович Потапов,2421,False,425,False
452,Laila,Евфросиния Феликсовна Щербакова,4972,False,599,True
453,Frances,Бронислав Александрович Абрамов,4170,True,78,True
454,Jeremey,Симонова Прасковья Павловна,4222,True,412,False
455,Danielle,Милица Рудольфовна Наумова,3867,True,326,True
456,Lorelai,Лидия Леонидовна Богданова,1357,False,819,False
457,Demarco,Лидия Артемовна Миронова,145,False,663,False
458,Murdock,Василиса Александровна Пахомова,1290,False,944,False
459,Lizbeth,Никон Тихонович Фомин,4579,False,292,False
460,Hughes,Алексей Фомич Шубин,2149,False,153,False
461,Clara,Парфен Федосьевич Некрасов,2746,False,21,True
462,Sandra,Кабанова Зинаида Валериевна,2542,False,393,False
463,Alannah,Надежда Анатольевна Михеева,1679,True,453,True
464,Brenden,Федор Германович Беспалов,2157,False,913,True
465,Mary,Гордеев Никодим Терентьевич,2314,True,178,True
466,Beckett,Елена Дмитриевна Емельянова,218,True,117,False
467,Mikeal,Власов Юлий Викентьевич,4164,True,909,True
468,Alston,Гремислав Давыдович Белоусов,4243,True,249,True
469,Izabelle,Ярополк Алексеевич Беляков,2802,True,309,False
470,Paisley,Антонова Лариса Тимуровна,3352,False,981,True
471,Marilla,Ирина Натановна Сазонова,600,False,186,True
472,Mike,Януарий Трофимович Громов,4694,False,210,False
473,Tamala,Аристарх Трифонович Некрасов,888,False,971,False
474,Kacie,Тимур Харлампович Зайцев,2794,False,494,True
475,Braiden,Аверкий Авдеевич Попов,2385,True,323,False
476,Rod,Наумов Ким Елисеевич,2082,False,577,False
477,Terra,Эраст Захарьевич Осипов,3539,False,150,True
478,Eldon,Турова Нонна Вадимовна,2742,False,23,False
479,Sheilah,Гуляев Мокей Игоревич,2519,False,786,False
480,Kyler,Герман Елизарович Смирнов,419,False,828,True
481,Vito,Никандр Александрович Бирюков,4129,False,411,True
482,Jessica,Дарья Львовна Федорова,4144,False,110,True
483,Claudie,Будимир Иосипович Архипов,2345,False,411,True
484,Freeman,Носкова Нинель Руслановна,135,False,978,True
485,Armstead,Лидия Васильевна Уварова,928,True,721,False
486,Burl,Буров Добромысл Егорович,4053,False,131,True
487,Zavier,Белозеров Аверьян Авдеевич,2677,False,166,False
488,Lular,Лариса Натановна Власова,4155,True,842,True
489,Tamiko,Наина Владиславовна Сергеева,1846,True,67,False
490,Leslie,Лукина Агафья Львовна,1489,True,537,False
491,Cleone,Алексеев Дмитрий Ермолаевич,1516,True,328,False
492,Mora,Виноградов Демьян Ааронович,3639,False,278,True
493,Mallorie,Надежда Руслановна Корнилова,1236,True,439,True
494,Margrett,Валерьян Ефимьевич Рогов,2606,True,406,False
495,Sannie,Никифор Гертрудович Игнатов,4439,True,38,True
496,Miles,Майя Андреевна Кондратьева,2189,False,973,False
497,Stormy,Тетерина Эмилия Анатольевна,4008,False,1000,False
498,Hayley,Георгий Даниилович Наумов,3541,True,669,False
499,Tessie,Лаврентий Авдеевич Алексеев,602,False,661,False
500,Love,Федотов Милий Владиленович,2516,False,811,False
501,Paola,Клавдий Владиленович Беляков,3056,True,283,False
502,Karyme,Авдеева Зоя Ильинична,3536,False,648,False
503,Ilona,Зинаида Сергеевна Николаева,4048,False,101,False
504,Lish,Егоров Селиван Августович,835,False,760,True
505,Hillery,Нина Тимофеевна Федотова,1152,False,166,False
506,Flavia,Воронцов Яков Матвеевич,1644,False,925,True
507,Marin,Куликова Елизавета Болеславовна,3899,False,249,True
508,Ari,Елисеев Геннадий Гурьевич,3091,True,525,True
509,Kymani,Наталья Егоровна Попова,2903,True,864,True
510,Marilou,Бирюков Любим Артёмович,1418,False,564,False
511,Nicki,Виноградова Василиса Геннадиевна,1578,False,354,True
512,Rosa,Вера Егоровна Виноградова,3974,False,185,False
513,Lucia,Пелагея Вячеславовна Семенова,2215,True,178,True
514,Dondre,Никифоров Юлиан Жанович,1575,True,336,False
515,Iver,Горбачев Викторин Анисимович,2792,False,161,True
516,Jayda,Казакова Ираида Анатольевна,2243,False,382,False
517,Almond,Евфросиния Артемовна Шестакова,3362,True,339,False
518,Pasquale,Тимофеев Леонтий Феодосьевич,2232,False,942,False
519,Trey,Тимофеев Касьян Трофимович,1215,True,58,False
520,Christiana,Степан Измаилович Федоров,4689,False,782,False
521,Neola,Варвара Матвеевна Алексеева,4355,True,71,True
522,Ireland,Орехова Лариса Михайловна,2821,True,528,False
523,Amma,Людмила Александровна Гущина,3511,False,920,True
524,Zoa,Синклитикия Робертовна Вишнякова,3054,True,807,True
525,Dwan,Боброва Анна Григорьевна,2964,False,498,True
526,Newman,Касьян Алексеевич Мишин,4038,False,956,True
527,Sherree,Пономарев Тимофей Филатович,2762,True,92,False
528,Conway,Ульяна Макаровна Яковлева,4804,False,997,True
529,Zechariah,Фролов Антонин Артёмович,769,False,500,False
530,Hugo,Милий Вячеславович Медведев,709,False,403,True
531,Odin,Захар Богданович Ковалев,2116,True,713,True
532,Kole,Синклитикия Анатольевна Дмитриева,185,True,509,False
533,Brynn,Дарья Ильинична Сидорова,985,True,784,False
534,Lorne,Аксенов Трифон Данилович,4018,True,423,False
535,Odessa,Шарова Таисия Кирилловна,3746,False,656,False
536,Sydni,Фадеева Ия Ефимовна,303,False,835,True
537,Ryan,Любомир Захарьевич Попов,2004,True,831,False
538,Esco,Нестерова Наталья Феликсовна,1995,True,787,False
539,Reese,Жданов Порфирий Терентьевич,1015,True,350,False
540,Amare,Копылов Гремислав Аксёнович,1505,False,589,False
541,Miguelangel,Андрон Арсенович Шестаков,1373,False,392,True
542,Carlisle,Наумов Ратибор Фролович,592,True,751,True
543,Hansford,Щукина Эмилия Святославовна,2457,False,708,True
544,Danyelle,Нинель Архиповна Медведева,133,True,130,True
545,Epifanio,Фёкла Рубеновна Гаврилова,2082,True,299,True
546,Theadore,Зимин Геннадий Аверьянович,3027,True,743,False
547,Kaliyah,Маргарита Ниловна Кудряшова,3355,True,379,False
548,Myer,Наумова Прасковья Геннадиевна,2422,True,547,True
549,Katina,Майя Богдановна Панфилова,1990,False,867,True
550,Rayshawn,Изот Эдгардович Журавлев,3392,True,561,True
551,Shanice,Ферапонт Трофимович Красильников,4052,True,172,True
552,Prentice,Ершов Никанор Егорович,4459,False,97,False
553,Jodie,Варвара Павловна Никифорова,3161,True,145,True
554,Whitney,Аксенов Евграф Егорович,4327,True,598,False
555,Melanie,Вера Дмитриевна Ермакова,1838,True,403,False
556,Shianne,Капустина Ульяна Викторовна,4116,False,357,True
557,Ann,Гордеев Мартьян Германович,2663,True,584,False
558,Arturo,Тихонов Устин Игоревич,4118,False,656,False
559,Rubi,Василиса Архиповна Красильникова,1151,True,268,True
560,Erna,Егорова Евфросиния Кузьминична,3152,False,321,True
561,Carli,Тарасова Мария Анатольевна,4116,False,518,False
562,Hana,Нинель Тимуровна Шестакова,1895,True,397,False
563,Maddox,Татьяна Ильинична Брагина,4244,False,562,False
564,Margarette,Кулагина Полина Тарасовна,4423,True,447,True
565,Aarav,Ксения Николаевна Рябова,32,True,344,False
566,Darren,Валерия Алексеевна Борисова,1231,False,63,True
567,Billie,Алла Филипповна Игнатьева,1603,False,445,False
568,Abbigail,Арефий Дорофеевич Пестов,1312,True,581,True
569,Orvil,Субботин Анисим Владленович,4282,False,967,True
570,Ebbie,Комарова Василиса Мироновна,2095,False,948,True
571,Garey,Филатова Нинель Игоревна,1187,True,794,False
572,Bula,Лора Георгиевна Зиновьева,4181,True,506,False
573,Fleeta,Ларионова Василиса Ждановна,4595,True,363,False
574,Winfield,Чернов Назар Феликсович,4695,False,225,False
575,Leola,Оксана Станиславовна Ефремова,3841,True,502,False
576,Hester,Людмила Геннадиевна Кудряшова,3268,True,613,False
577,Sarahi,Потапов Ефим Дорофеевич,3950,False,188,False
578,Kenyatta,Аверьян Аверьянович Мамонтов,1742,True,4,False
579,Micayla,Алина Вадимовна Власова,1824,True,833,True
580,Drake,Воронова Фаина Анатольевна,2962,True,287,False
581,Ronaldo,Архипов Фотий Еремеевич,3405,False,795,True
582,Olie,Тамара Олеговна Моисеева,1244,True,867,False
583,Godfrey,Галина Артемовна Боброва,348,True,388,True
584,Joseluis,Зимин Лазарь Арсенович,4670,True,907,False
585,Margarete,Таисия Павловна Семенова,2187,False,53,True
586,Brien,Афанасьева Евпраксия Станиславовна,117,False,442,True
587,Barb,Харлампий Данилович Моисеев,672,False,878,True
588,Cristopher,Август Жоресович Котов,291,False,889,True
589,Dellar,Миронов Матвей Артурович,1051,True,207,True
590,Dimitrios,Панфилова Дарья Семеновна,3997,True,765,False
591,Dorthey,Мухина Елизавета Даниловна,4973,False,503,False
592,Genesis,Светлана Тимофеевна Новикова,603,True,801,False
593,Hali,Рюрик Андреевич Кудрявцев,4573,True,281,True
594,Reagan,Молчанов Изот Арсенович,3984,False,673,True
595,Ailene,Лариса Геннадьевна Голубева,261,True,516,True
596,Raina,Лучезар Ерофеевич Емельянов,4629,False,52,False
597,Cleva,Ираида Феликсовна Журавлева,2241,False,562,False
598,Ashby,Екатерина Руслановна Чернова,1454,False,128,False
599,Amado,Лазарев Ульян Анисимович,3791,True,834,False
600,Nim,Буров Ратмир Эдгарович,2931,False,300,True
601,Briana,Зоя Александровна Сорокина,4887,False,284,True
602,Ogden,Прокл Устинович Фомин,383,False,448,True
603,Jaron,Беляева Глафира Ефимовна,2396,False,82,False
604,Carmella,Марфа Анатольевна Шилова,3253,False,632,True
605,Khalilah,Дьячкова Алина Васильевна,2553,False,656,True
606,Merton,Мартынов Гремислав Ермилович,3263,True,706,False
607,Earlene,Арефий Феоктистович Пестов,3895,True,216,True
608,Meryl,Волкова Регина Харитоновна,435,True,55,True
609,Minnie,Харитонова Тамара Рубеновна,2972,True,698,True
610,Kya,Гришина Октябрина Юльевна,4642,True,646,False
611,Iridian,Олимпиада Борисовна Щербакова,242,True,396,False
612,Mariano,Цветков Антип Георгиевич,1420,False,285,True
613,Dosha,Алевтина Дмитриевна Щербакова,4540,True,514,False
614,Elvis,Муравьева Евфросиния Васильевна,3019,False,542,False
615,Caro,Евдокимова Феврония Афанасьевна,3526,True,997,False
616,Katia,Марина Эдуардовна Суворова,947,True,358,True
617,Estrella,Эдуард Васильевич Белов,1092,False,647,True
618,Brion,Цветков Твердислав Фомич,3451,False,838,True
619,Blanch,Евдоким Алексеевич Власов,1215,False,293,False
620,Elzie,Евдоким Александрович Кириллов,68,False,110,True
621,Jace,Суворова Акулина Валентиновна,3732,True,62,True
622,Cameron,Клавдия Федоровна Журавлева,4387,True,968,False
623,Eugenia,Кира Олеговна Егорова,3664,False,618,False
624,Ellyn,Кира Леонидовна Фокина,447,False,513,True
625,Adelyn,Борисов Демьян Изотович,3473,True,751,False
626,Ashanti,Голубева Анна Вениаминовна,1898,True,150,False
627,Katie,Ситников Антип Глебович,289,True,480,True
628,Joanie,Михаил Феоктистович Вишняков,970,True,535,True
629,Omie,Полякова Василиса Тарасовна,3983,True,273,True
630,Rose,Ширяева Синклитикия Макаровна,2437,True,873,True
631,Gene,Новиков Симон Всеволодович,1221,False,257,False
632,Laureen,Громов Мирослав Егорович,418,True,384,False
633,Narcissus,Карл Измаилович Кириллов,3435,True,664,False
634,Tiara,Копылов Дмитрий Абрамович,1666,False,807,False
635,Wendy,Федосеев Станимир Захарьевич,4822,False,423,False
636,Earlean,Турова Регина Викторовна,4722,True,376,True
637,Colton,Творимир Бориславович Ильин,151,False,72,False
638,Ishmael,Самойлов Гремислав Гертрудович,1844,True,777,False
639,Tatyana,Екатерина Семеновна Аксенова,2159,True,264,False
640,Uriah,Лукия Дмитриевна Кулакова,442,False,243,True
641,Marietta,Ершова Фаина Захаровна,651,False,615,False
642,Susanna,Майя Болеславовна Медведева,2829,True,199,True
643,Belle,Феврония Борисовна Жданова,752,False,943,False
644,Brant,Творимир Эдуардович Вишняков,4217,False,685,True
645,Adele,Зимина Екатерина Аскольдовна,2863,False,703,False
646,Torrence,Матвей Ермилович Кабанов,4274,False,198,False
647,Krissy,Амвросий Тарасович Гришин,3782,True,482,True
648,Konner,Самойлова Нина Владиславовна,734,True,365,True
649,Kortney,Моисей Гурьевич Назаров,1198,True,319,False
650,Dontae,Куприян Данилович Кондратьев,3453,True,970,True
651,Milford,Карп Давидович Якушев,2469,True,36,False
652,Sonya,Некрасова Нина Максимовна,1254,False,93,True
653,Emory,Лебедев Тихон Харлампьевич,1927,False,327,False
654,Elois,Рубен Артёмович Галкин,4930,False,498,False
655,Elroy,Ким Давыдович Захаров,2101,True,482,False
656,Zackary,Ладислав Александрович Герасимов,2210,True,957,False
657,Sarah,Маргарита Натановна Воробьева,3157,True,29,True
658,Fumiko,Титов Мир Гавриилович,2324,True,86,False
659,Sula,Силин Лев Бенедиктович,694,False,944,False
660,Tamatha,Бронислав Филимонович Воронов,2159,True,554,True
661,Algot,Валерия Степановна Белова,3984,True,587,False
662,Jalissa,Шилов Яков Филиппович,516,True,79,True
663,Kirsten,Калашников Савва Харлампьевич,4371,True,142,False
664,Shena,Матвеев Наум Игоревич,1973,False,369,True
665,Shirlene,Орест Иосипович Дмитриев,1431,False,874,True
666,Kareen,Павел Афанасьевич Максимов,2516,True,878,False
667,Neal,Журавлева Тамара Вадимовна,1770,False,490,True
668,Christy,Марфа Тарасовна Михеева,2680,False,639,False
669,Jaleesa,Лукия Болеславовна Капустина,1945,False,596,True
670,Fritz,Никитин Евстигней Чеславович,4922,False,56,True
671,Alondra,Назарова Регина Ефимовна,4947,True,166,True
672,Berenice,Кулаков Прохор Виленович,2843,True,974,False
673,Deshaun,Зоя Рубеновна Борисова,63,False,702,False
674,Racquel,Раиса Николаевна Щукина,201,False,386,True
675,Lucinda,Бирюкова Кира Леоновна,4348,False,68,False
676,Gertrude,Ираида Ивановна Гришина,2807,False,753,False
677,Admiral,Ширяева Екатерина Юрьевна,1808,False,659,False
678,Alex,Шашков Гедеон Демьянович,1060,False,354,True
679,Dianne,Зуева Лора Руслановна,1595,False,894,True
680,Ottis,Милован Августович Орлов,4002,True,123,True
681,Pamela,Одинцова Тамара Рудольфовна,3282,True,614,False
682,Kinte,Селезнев Фома Евсеевич,3320,False,237,True
683,Arlyne,Наум Ефстафьевич Дмитриев,4277,True,101,False
684,Cathie,Жданова Агафья Архиповна,3666,True,263,False
685,Walton,Элеонора Михайловна Архипова,2422,False,38,True
686,Jonatan,Ольга Яковлевна Сергеева,4287,True,303,False
687,Nelle,Пестов Никон Вячеславович,530,False,75,False
688,Delmus,Сысоев Фотий Устинович,2339,False,825,True
689,Ralph,Натан Елизарович Доронин,3243,True,766,True
690,Jaelyn,Дорофеев Гаврила Демьянович,3609,True,584,True
691,Rinda,Чернова Марфа Эдуардовна,682,False,346,True
692,Audie,Потапова Агата Юрьевна,3813,True,101,False
693,Reid,Светлана Антоновна Воробьева,1883,False,393,True
694,Kaaren,Данилов Карл Жанович,1470,True,651,False
695,Lamont,Нестеров Петр Еремеевич,4158,False,418,True
696,Janyce,Эрнст Димитриевич Комиссаров,2160,False,280,False
697,Dennie,Елена Макаровна Силина,3135,False,230,True
698,Chloie,Наум Борисович Мамонтов,1178,False,2,True
699,Amil,Элеонора Александровна Лебедева,996,True,791,False
700,Lily,Лора Анатольевна Корнилова,3847,True,405,False
701,Ismael,Сафонова Маргарита Олеговна,1544,True,407,True
702,Rand,Эрнест Дорофеевич Тарасов,3313,True,304,True
703,Hilton,Якушева Евфросиния Ильинична,2296,False,53,False
704,Luc,Архипова Ирина Вячеславовна,2073,True,391,False
705,Baxter,Мартынов Аггей Германович,4757,False,982,False
706,Wilfredo,Петрова Елена Семеновна,4067,False,60,False
707,Lurena,Третьяков Фрол Виленович,1295,False,532,False
708,Jase,Молчанов Зиновий Ермилович,4012,False,201,False
709,Tylor,Милан Елизарович Кондратьев,4626,False,935,False
710,Josette,Викторин Богданович Большаков,4317,True,961,False
711,Texie,Тимофеева Ангелина Кузьминична,3227,False,716,False
712,Jerald,Карпов Мина Гавриилович,3624,True,170,True
713,Rickey,Юдина Полина Валериевна,3090,False,730,True
714,Amelie,Мамонтов Юлий Евстигнеевич,1877,False,473,True
715,Benson,Милица Леоновна Казакова,692,False,492,True
716,Dudley,Андреева Акулина Артемовна,485,True,995,False
717,Edythe,Давыдов Наум Адамович,918,False,460,False
718,Myranda,Егоров Валерий Федосеевич,3301,False,76,False
719,Nikole,Ананий Ермолаевич Кудряшов,3311,True,127,True
720,Judi,Титов Лукьян Абрамович,1273,True,551,False
721,Elouise,Ипполит Якубович Федоров,1059,False,537,False
722,Eleonora,Меркушева Валерия Тимофеевна,467,False,683,False
723,Shoji,Андрон Владиленович Горшков,4521,True,470,True
724,Truman,Логинов Чеслав Гаврилович,4748,True,88,False
725,Denine,Жукова Виктория Богдановна,3369,False,36,False
726,Vic,Ефимов Евлампий Артемьевич,1376,True,407,True
727,Joesph,Муравьева Наина Ниловна,775,False,278,True
728,Rubin,Элеонора Кузьминична Лаврентьева,4592,True,1,False
729,Drew,Титов Марк Бориславович,1402,False,373,True
730,Caylee,Ситникова Фёкла Геннадьевна,1567,False,91,True
731,Shani,Варвара Робертовна Дементьева,550,True,474,False
732,Arnetta,Ирина Антоновна Лебедева,1129,True,691,False
733,Lara,Феофан Елисеевич Шубин,4462,True,29,True
734,Isam,Боброва Пелагея Константиновна,2809,False,588,False
735,Angelica,Тетерин Пантелеймон Артурович,2061,False,847,False
736,Benton,Ипполит Бориславович Котов,422,True,639,False
737,Hymen,Никифоров Спиридон Вилорович,2777,False,105,True
738,Lonie,Харитонов Нестор Вячеславович,3546,True,442,True
739,Billye,Антонов Добромысл Харлампьевич,2093,True,662,True
740,Maverick,Агафон Иосипович Ширяев,404,False,514,True
741,Winnie,Фаина Михайловна Лапина,109,False,840,False
742,Tallie,Клавдия Петровна Ершова,2938,True,181,True
743,Sarina,Алевтина Сергеевна Красильникова,4636,False,647,False
744,Clora,Белозерова Татьяна Сергеевна,2381,True,198,False
745,Leota,Будимир Фокич Рогов,3056,False,937,True
746,Colleen,Зимин Пахом Аксёнович,3960,True,716,True
747,Marcelino,Зимин Влас Викторович,1828,False,722,False
748,Sena,Ярослав Адрианович Матвеев,875,True,337,False
749,Humphrey,Евдокимов Лучезар Виленович,4500,False,488,True
750,Mckenzie,Анжелика Наумовна Сидорова,1653,True,880,False
751,Montel,Иннокентий Жоресович Ершов,178,False,973,True
752,Kwame,Зимина Глафира Валентиновна,1726,True,724,True
753,Christian,Мирон Бориславович Яковлев,1318,True,938,True
754,Ferman,Вероника Валериевна Бурова,4967,False,13,False
755,Adalynn,Тимур Витальевич Пестов,269,True,715,False
756,Harmony,Авксентий Гаврилович Орехов,1834,True,701,False
757,Darian,Одинцов Мстислав Эдуардович,4166,False,161,True
758,Nasir,Лаврентьева Лидия Николаевна,2367,False,691,False
759,Malik,Носов Богдан Ермолаевич,3644,False,540,True
760,Kermit,Аполлон Зиновьевич Коновалов,1141,True,223,True
761,Jalen,Ратибор Валентинович Лазарев,2689,True,935,False
762,Diandra,Глафира Захаровна Боброва,2506,False,897,False
763,Obe,Таисия Владиславовна Волкова,3471,False,287,False
764,Elliot,Сафонова Анжела Валентиновна,2546,True,965,True
765,Tashina,Абрамов Изот Григорьевич,1362,True,206,True
766,Delina,Измаил Венедиктович Лаврентьев,2869,False,555,True
767,Brooke,Воронов Эрнест Эдуардович,1584,True,295,False
768,Soloman,Полина Юрьевна Лапина,4812,False,748,False
769,Telly,Полина Валериевна Журавлева,1978,True,373,False
770,Sammie,Трофимов Аполлинарий Аксёнович,46,False,343,True
771,Josue,Гаврилова Алла Тарасовна,4577,False,973,True
772,Mikhail,Николаева Антонина Петровна,307,False,839,False
773,Dakoda,Крылов Стоян Германович,4191,True,103,True
774,Lyndon,Третьяков Лонгин Геннадиевич,1197,False,59,False
775,Elbridge,Алина Тимофеевна Кабанова,4115,False,598,False
776,Arvin,Андрей Власович Семенов,4792,True,179,False
777,Gabe,Фома Артурович Блохин,925,False,496,False
778,Tiffani,Алла Ивановна Лихачева,1145,False,438,False
779,Manuelita,Прокофий Фомич Ильин,851,False,78,False
780,Dema,Воронцова Надежда Геннадиевна,734,False,458,True
781,Sierra,Кузнецов Яков Венедиктович,4317,True,240,True
782,Kalel,Новикова Александра Валентиновна,2046,False,37,False
783,Harl,г-н Титов Силантий Георгиевич,982,True,588,False
784,Porsche,Евдокия Юрьевна Чернова,437,False,585,False
785,Verla,Марфа Константиновна Голубева,853,True,333,True
786,Miguel,Октябрина Леоновна Боброва,1647,False,53,False
787,Lise,Прохорова Марфа Юрьевна,1036,True,287,False
788,Brodie,Феоктист Евстигнеевич Галкин,865,False,550,True
789,Goebel,Татьяна Феликсовна Антонова,1364,True,119,True
790,Tami,Кулаков Назар Андреевич,653,True,35,True
791,Kate,Юлия Григорьевна Зуева,2733,False,198,True
792,Shepherd,Мокей Андреевич Колобов,2575,True,961,True
793,Alda,тов. Карпова Регина Артемовна,4483,False,393,True
794,Brandie,Глафира Степановна Некрасова,4291,True,86,True
795,Jerrod,Григорьев Симон Андреевич,4616,False,375,True
796,Junious,Беспалова Марина Макаровна,3968,True,741,False
797,Kamden,Лидия Ниловна Юдина,2192,True,158,True
798,Kyleigh,Бронислав Владиславович Фролов,1039,False,84,True
799,Hellen,Прасковья Харитоновна Селиверстова,485,True,284,False
800,Boone,Регина Леонидовна Доронина,46,False,365,False
801,Maura,Евстигней Антонович Фокин,3766,False,181,True
802,Gilmer,Пономарев Сигизмунд Жоресович,3142,False,307,True
803,Hollie,Всеслав Федотович Колобов,4567,False,162,False
804,Cinthia,Октябрина Ивановна Баранова,3411,True,434,True
805,Bobby,Калинин Соломон Игнатьевич,1327,False,502,True
806,Alberta,Чеслав Артемьевич Крюков,2014,False,423,True
807,Branson,Игнатова Дарья Степановна,3867,False,398,False
808,Ovila,Прохорова Дарья Аскольдовна,3322,True,534,False
809,Jonah,Нестеров Аскольд Захарьевич,2744,False,627,True
810,Veronica,Волков Ерофей Ярославович,4675,False,47,False
811,Graydon,Ярослав Захарьевич Шестаков,1179,True,779,False
812,Lew,Мишина Олимпиада Владимировна,4880,False,258,True
813,Theophile,Сергеева Лариса Константиновна,4309,False,179,True
814,Lucetta,Прасковья Григорьевна Тихонова,1754,False,468,False
815,Barry,Лора Степановна Ильина,3530,False,9,False
816,Ignatius,Панов Аскольд Феодосьевич,958,False,491,True
817,Elick,Третьякова Лариса Григорьевна,278,True,530,False
818,Elna,Филиппов Емельян Артемьевич,4569,False,21,True
819,Isabell,Фёкла Ильинична Селиверстова,258,False,392,False
820,Dorthy,Максимова Ия Александровна,2981,True,754,True
821,Lossie,Дмитриева Фаина Олеговна,4536,False,750,False
822,Anabella,Дарья Геннадиевна Ларионова,2986,True,547,False
823,Deyanira,Фаина Ждановна Горбунова,942,True,84,True
824,Carleen,Шубин Евгений Валерьевич,932,True,913,True
825,Hulda,Татьяна Болеславовна Козлова,2363,False,201,True
826,Alois,Дьячкова Марина Святославовна,2263,False,575,True
827,Glenda,Афанасьев Тарас Артемьевич,3685,False,230,False
828,Noah,Гаврилова Оксана Вячеславовна,102,True,198,False
829,Demetra,Феврония Андреевна Комиссарова,1773,False,110,False
830,Babe,Платон Исидорович Сазонов,994,True,912,False
831,Veda,Александрова Евдокия Валериевна,1198,False,12,True
832,Jaslyn,Амос Евстигнеевич Колесников,4370,False,433,True
833,Iliana,Пелагея Вадимовна Ларионова,3846,True,966,True
834,Lilianna,Тетерин Евстигней Антипович,842,True,74,False
835,Victor,Зиновьев Любомир Ярославович,4060,True,181,False
836,Kelan,Ирина Андреевна Иванова,3526,False,215,False
837,Babette,Одинцов Любомир Федосеевич,1566,True,147,False
838,Carissa,Ипат Арсеньевич Фомичев,3811,False,30,False
839,Sigrid,Щербакова Евгения Оскаровна,478,False,595,False
840,Cecelia,Лаврентьева Елизавета Вениаминовна,196,True,603,False
841,Shade,Шарапова Олимпиада Сергеевна,4517,False,643,False
842,Merlin,Осипов Конон Арсенович,4394,True,447,False
843,Tinnie,Гедеон Викторович Сорокин,1157,False,609,True
844,Darrion,Панова Полина Геннадьевна,3230,False,824,False
845,Averie,Панфил Венедиктович Степанов,3741,True,459,False
846,Maci,Аполлинарий Фёдорович Рожков,473,False,338,True
847,Bascom,Ерофей Эдуардович Алексеев,4273,True,307,False
848,Graham,Агата Натановна Бобылева,62,True,604,True
849,Halbert,Тамара Владиславовна Фомичева,1636,True,926,False
850,Liz,Александр Авдеевич Терентьев,2643,True,567,False
851,Stevie,Вадим Витальевич Логинов,934,True,658,True
852,Citlalli,Титова Марфа Игоревна,1478,True,547,False
853,Ruffus,Куликова Виктория Даниловна,3333,True,126,True
854,Lance,Фортунат Дорофеевич Якушев,3840,False,930,False
855,Amey,Ферапонт Захарьевич Рябов,2268,True,847,True
856,Annie,Зиновьев Аггей Арсенович,2170,False,234,False
857,Sharonda,Быков Кузьма Филиппович,161,False,582,True
858,Idella,Виссарион Антипович Исаков,2215,True,718,False
859,Jermey,Данилов Геннадий Якубович,4097,False,402,False
860,Teddie,Зиновьев Болеслав Федосьевич,4789,False,182,True
861,Latifah,Болеслав Валерьевич Лукин,289,False,950,False
862,Rashida,Людмила Аркадьевна Абрамова,468,True,606,False
863,Cherrie,Кудряшов Прокофий Арсенович,141,True,501,False
864,Rocco,Федотова Людмила Игоревна,2181,False,940,False
865,Christene,Лукьян Марсович Лаврентьев,3248,True,495,False
866,Darlene,Иванова Агафья Ниловна,1179,False,901,False
867,Hung,Ильин Казимир Филатович,476,False,434,True
868,Ernestina,Иванна Леонидовна Антонова,2653,True,559,True
869,Le,Лора Эльдаровна Ковалева,3942,True,426,True
870,Kameron,Власов Тит Аксёнович,615,True,402,True
871,Dulce,Фокин Любомир Теймуразович,284,True,410,False
872,Nona,Фаина Наумовна Максимова,1708,False,105,True
873,Norval,тов. Жукова Зоя Вадимовна,1580,False,400,True
874,Obie,Панкрат Тимурович Орлов,2820,False,205,True
875,Chaya,Вера Альбертовна Носкова,211,False,309,False
876,Lolita,Антонин Вилорович Устинов,2182,False,626,True
877,Bianca,Ираида Ивановна Пестова,1219,False,221,True
878,Noreta,Эраст Федотович Зиновьев,2886,False,569,True
879,Cindy,Никодим Германович Буров,3293,True,28,True
880,Lana,Журавлева Екатерина Ниловна,2053,True,758,True
881,Lillianna,Василиса Макаровна Павлова,718,True,131,True
882,Hilliard,Самсонов Никита Викторович,1859,True,783,True
883,Manson,Медведев Евстигней Геннадиевич,2504,True,442,True
884,Frankie,Геннадий Ильич Копылов,993,False,193,True
885,Metro,Нестерова Наина Ивановна,1956,False,195,True
886,Orma,Адам Давыдович Моисеев,4790,False,800,True
887,Esta,Ангелина Игоревна Юдина,3410,True,324,True
888,Jalisa,Маслова Евдокия Болеславовна,3274,False,50,True
889,Rylie,Милица Геннадьевна Ларионова,1539,True,773,True
890,Clarisa,Захаров Рубен Иосипович,3007,False,36,False
891,Simone,Дементьев Лев Аверьянович,2959,False,110,False
892,Rafaela,София Антоновна Горбунова,4671,False,904,False
893,Vernice,Григорий Глебович Исаков,290,False,142,True
894,Nayeli,Софрон Викентьевич Самойлов,1542,False,894,True
895,Kiel,Юлий Зиновьевич Морозов,1682,False,742,True
896,Kylah,Зинаида Матвеевна Хохлова,1625,True,532,False
897,Mirtie,Бобров Дементий Анатольевич,2070,True,618,False
898,Branden,Шашков Панфил Антипович,2036,True,533,True
899,Marina,Леонид Валерьевич Баранов,2726,False,702,False
900,Lashawn,Зоя Оскаровна Бурова,2082,False,630,False
901,Nova,Октябрина Артемовна Журавлева,916,True,497,False
902,Bartley,Василиса Михайловна Морозова,1375,True,405,True
903,Newell,Михайлов Рюрик Викторович,1933,False,340,False
904,Ember,Селезнева Агата Ждановна,1970,True,198,False
905,Greta,Жанна Николаевна Андреева,4778,False,978,True
906,Gabrielle,Денисова Милица Кузьминична,3466,True,608,True
907,Braulio,Федоров Сигизмунд Авдеевич,2647,True,723,True
908,Velva,Миронов Бажен Филатович,1205,True,169,True
909,Aloys,Соколова Надежда Юльевна,602,True,388,True
910,Charlize,Медведев Юлий Вячеславович,3141,True,232,True
911,Toby,Владимиров Феликс Теймуразович,2922,False,948,True
912,Charlsie,Гущина Галина Харитоновна,4505,False,601,True
913,Donnell,Виктория Владимировна Симонова,4708,True,918,True
914,Randi,Доронина Галина Вениаминовна,2381,True,941,True
915,Darin,Бобылев Милен Харлампович,1844,False,415,True
916,Elmer,Волкова Нонна Аскольдовна,664,True,689,False
917,Tommy,Евпраксия Степановна Симонова,3955,True,572,True
918,Benjamin,Давыдова Жанна Наумовна,525,True,376,True
919,Marisela,Никифорова Прасковья Архиповна,1247,True,592,True
920,Chester,Савина Регина Эльдаровна,4404,True,493,True
921,Nat,Терентий Измаилович Евдокимов,4077,False,156,False
922,Ramiro,Щукин Эдуард Архипович,26,False,942,False
923,Christie,Екатерина Кирилловна Ковалева,1180,True,89,False
924,Bridger,Тетерина Василиса Святославовна,1507,False,591,True
925,Albertine,Милен Терентьевич Панфилов,3020,False,777,False
926,Toney,Аристарх Гертрудович Яковлев,4920,True,22,True
927,Shana,Агафья Богдановна Шубина,2010,True,970,True
928,Zeke,Молчанова Дарья Семеновна,148,False,217,True
929,Karli,Евгения Афанасьевна Пахомова,1711,True,90,True
930,Loda,Виноградов Евлампий Демидович,1182,False,933,True
931,Barnard,тов. Меркушева Оксана Ждановна,3319,False,37,False
932,Kaeden,Анна Антоновна Рыбакова,3590,True,366,False
933,Adrienne,Анна Макаровна Кондратьева,3484,True,449,True
934,Donat,Наина Валентиновна Зиновьева,2126,True,860,False
935,Margarite,Клавдия Андреевна Фомина,45,True,166,True
936,Janice,Осипов Мефодий Борисович,968,False,671,True
937,Shaneka,Сидорова Алла Мироновна,2915,True,784,False
938,Tenika,Марина Яковлевна Игнатова,3531,False,515,True
939,Calvin,Ксения Болеславовна Зиновьева,4749,True,302,True
940,Ammie,Соломон Данилович Воронцов,4422,False,171,True
941,Gail,Александр Демьянович Панфилов,2954,False,913,False
942,Jacqueline,Крылова Полина Афанасьевна,3174,False,759,False
943,Dillion,Гремислав Денисович Логинов,2893,True,782,True
944,Lilyan,Уварова Нонна Богдановна,3580,True,831,True
945,Carleigh,Владимир Бориславович Красильников,2130,False,935,True
946,Darla,Карп Феофанович Максимов,2766,True,729,True
947,Cordell,Ильин Тарас Устинович,4359,True,858,True
948,Logan,Кузьма Матвеевич Лихачев,3425,False,180,False
949,Jean,Фёкла Юрьевна Фадеева,4950,True,690,True
950,Ford,Тетерина Юлия Львовна,4862,False,166,False
951,Roni,Емельянова Евпраксия Аскольдовна,1298,False,694,True
952,Margie,Екатерина Эльдаровна Данилова,168,True,878,True
953,Denzel,Лариса Ждановна Нестерова,2497,False,35,False
954,Calhoun,Павел Устинович Александров,3026,False,309,False
955,Dawne,Бобылева Алла Тарасовна,357,False,849,True
956,Jamie,г-жа Петухова Галина Станиславовна,1297,True,689,True
957,Romaine,Парамон Феликсович Цветков,3798,True,221,True
958,Odie,Кузьма Артурович Борисов,3494,True,354,False
959,Yasmine,Фёкла Макаровна Гришина,1442,False,807,False
960,Carly,Меркушева Александра Михайловна,1739,False,431,True
961,Rome,Гусева Евфросиния Олеговна,3744,True,40,True
962,Nathalie,Самсонов Сергей Иларионович,2894,True,67,True
963,Eddie,Никитин Аггей Филимонович,132,True,748,False
964,Moses,Вениамин Венедиктович Суворов,2639,True,824,True
965,Emogene,Комарова Наина Рубеновна,4514,True,992,False
966,Glynn,Антонова Зоя Ниловна,3190,False,595,True
967,Kiyoko,Шарова Ирина Владимировна,2389,False,74,True
968,Akeelah,Русакова Марфа Олеговна,4269,True,922,True
969,Mauro,Кузьмина Агата Валериевна,4740,True,789,False
970,Tamie,Екатерина Руслановна Бобылева,2388,True,509,True
971,Deron,Попов Лонгин Феодосьевич,1127,True,224,True
972,Denver,Назарова Нина Леонидовна,3237,True,928,True
973,Cliff,Пахомова Евпраксия Болеславовна,1441,False,445,True
974,Gilmore,Лора Юрьевна Гришина,2936,True,41,True
975,Kari,Власов Александр Германович,2232,True,111,True
976,Jaylah,Ферапонт Иларионович Федоров,4403,True,960,True
977,Derick,Сильвестр Федосеевич Русаков,3287,True,721,False
978,Demian,Иванна Вениаминовна Потапова,355,False,214,False
979,Chandra,Зоя Ивановна Галкина,2411,True,471,False
980,Elda,Любим Ильич Сафонов,3694,False,780,True
981,Saint,Тамара Максимовна Антонова,593,True,585,False
982,Malakai,Симон Фролович Артемьев,1736,False,693,False
983,Alwin,Арсений Эдгардович Зимин,3456,False,141,False
984,Benjamen,Дроздов Лев Бориславович,4664,False,189,True
985,Elbert,Надежда Владиславовна Крюкова,2568,False,915,False
986,Savon,Карп Харитонович Яковлев,1804,True,196,True
987,Luvenia,Коновалова Анна Кирилловна,1332,False,907,True
988,Brantley,Павлова Татьяна Филипповна,1842,False,102,True
989,Lynn,Филарет Афанасьевич Евдокимов,3962,True,321,False
990,Ryder,Елена Вячеславовна Хохлова,3350,True,617,True
991,Blair,Аникей Ерофеевич Игнатьев,1195,True,588,True
992,Kristy,Беляева Ангелина Матвеевна,929,True,752,True
993,Coby,Панова Фёкла Владиславовна,979,True,985,False
994,Lonny,Семенова Алина Леонидовна,878,True,280,True
995,Ina,Морозов Христофор Тимурович,1724,True,128,True
996,Shavon,тов. Исакова Надежда Оскаровна,2814,False,214,False
997,Dorman,Тихон Бориславович Буров,2756,False,380,False
998,Rella,Борис Эдгарович Мартынов,4741,True,937,False
999,Skye,Флорентин Бориславович Маслов,1815,False,309,False
