0,Morrison PLC,65984,Flour,False
1,Johnson-Grant,57863,Computer,True
2,Collins Group,93624,Computer,True
3,"Waller, Cunningham and Henry",33091,Pillow,True
4,"Cook, Hernandez and Tran",51041,Flour,True
5,"Brown, Benson and Jordan",31721,Bottle,False
6,Cruz-Boyle,2219,Computer,False
7,"Lewis, Marsh and Wilson",86398,Furniture,True
8,"Frey, Kelly and Avila",83633,Bottle,False
9,Myers-Hayes,77511,Computer,False
10,"Archer, Nicholson and Taylor",52570,Newspaper,True
11,Hart-Bradley,39632,Electricity,False
12,"Hayes, Sutton and Juarez",94756,Newspaper,True
13,"Perkins, Martin and Salas",50543,Bottle,True
14,Austin-Spears,13429,Water,False
15,"Robinson, Robinson and Heath",38061,Flour,True
16,"Davila, Richardson and Carter",97705,Pillow,True
17,Parker-Watkins,57638,Water,False
18,Turner-Walker,86720,Newspaper,False
19,Wright-Garrison,82971,Newspaper,True
20,Reyes Group,73845,Coconut,True
21,White and Sons,94295,Computer,False
22,Taylor and Sons,59835,Computer,False
23,Walker-Marsh,90890,Pillow,True
24,"Hall, Taylor and Meyer",65543,Furniture,True
25,"Sandoval, Mueller and Burke",35328,Coconut,True
26,Kim-Walker,5752,Flour,False
27,Riley-Frazier,50153,Pillow,False
28,Zavala Inc,82345,Newspaper,True
29,"Sanchez, Dunn and Robinson",58097,Bottle,True
30,Davis-Pruitt,71236,Bottle,True
31,Sanchez-Brooks,16528,Coconut,True
32,"Ashley, Simpson and Vasquez",20637,Flour,False
33,Jefferson Group,74454,Electricity,True
34,Moore-Smith,29621,Glass,False
35,White-Bailey,65635,Pillow,True
36,Sims-Davis,13295,Water,False
37,Schmidt-Castillo,311,Newspaper,False
38,Santana Inc,2851,Flour,False
39,"Humphrey, Anderson and Luna",90885,Glass,False
40,"Gibson, Hanson and Davila",21764,Furniture,True
41,"Pacheco, Smith and Adkins",71402,Coconut,True
42,Flores PLC,53630,Pillow,True
43,Zuniga-Mcpherson,3149,Furniture,False
44,Martin-Frazier,11898,Computer,False
45,"Rogers, Pierce and May",85229,Coconut,True
46,Swanson-Pineda,49383,Newspaper,False
47,Hoffman PLC,76271,Bottle,True
48,Levy-Smith,52893,Water,True
49,"Santana, Gilbert and Wilkinson",21222,Bottle,True
50,"Gibbs, Mitchell and Terry",21117,Water,True
51,Brown-Mcdaniel,89615,Newspaper,False
52,Kerr LLC,91321,Computer,True
53,"Munoz, Estrada and Evans",39402,Coconut,False
54,Gonzalez-Coffey,30952,Pillow,True
55,Hill-Holt,90752,Glass,True
56,Perez Inc,24698,Newspaper,False
57,Morris-Simmons,58925,Computer,True
58,"Matthews, Davis and Melton",83669,Bottle,False
59,Nichols-Lamb,89722,Coconut,False
60,Diaz Group,50749,Pillow,True
61,Allen-Perry,75306,Newspaper,True
62,Wood-Roth,41150,Glass,True
63,"Garrison, Jones and Jackson",70236,Electricity,True
64,"Scott, Tran and Tate",8224,Glass,False
65,Brooks Inc,49467,Newspaper,True
66,Williams PLC,60403,Coconut,True
67,Ferguson Inc,36248,Water,False
68,Phelps Group,32414,Coconut,False
69,Coleman-Allen,26497,Newspaper,False
70,Yates-Payne,47864,Glass,True
71,Johnson PLC,14777,Coconut,False
72,Ho-Santiago,77405,Water,True
73,"Jackson, Garcia and Moses",18587,Flour,False
74,Craig LLC,68712,Water,True
75,Baker-Duffy,79243,Bottle,False
76,Reyes Inc,63142,Flour,False
77,Santana PLC,2327,Coconut,True
78,Dawson-Jones,35509,Electricity,False
79,Young and Sons,13015,Newspaper,False
80,"Anderson, Prince and Richards",64006,Water,False
81,"Davis, Simon and Boone",13663,Computer,False
82,Nguyen-White,61332,Coconut,True
83,Moore Group,76126,Furniture,False
84,Flores-Cross,35022,Furniture,True
85,Phillips-Barnes,95504,Furniture,False
86,Ramos-House,90818,Computer,False
87,"Adams, Cook and Avery",28224,Coconut,False
88,Blackwell PLC,76258,Computer,True
89,Smith PLC,73397,Bottle,True
90,Day LLC,93538,Newspaper,True
91,Smith-Martinez,46335,Coconut,True
92,"Ramirez, Carroll and Powers",57960,Water,True
93,"Edwards, Swanson and Evans",14084,Flour,True
94,Nichols-Smith,40947,Pillow,True
95,"Mercer, Ortega and Gordon",86003,Water,True
96,Casey LLC,95825,Water,False
97,Campbell Ltd,7670,Pillow,True
98,Murphy PLC,14721,Glass,False
99,Lambert-Nguyen,80139,Computer,True
100,Jones Ltd,20936,Electricity,False
101,"Doyle, Reynolds and Woods",55293,Pillow,True
102,Powell-Reyes,48368,Computer,True
103,"Carroll, Jennings and Bond",3386,Coconut,False
104,Garrett-Flores,14366,Electricity,False
105,"Hernandez, Weeks and Huber",8790,Newspaper,False
106,Cortez LLC,32263,Computer,False
107,"Thompson, Miller and Singh",63221,Electricity,False
108,"Gonzalez, Pope and Shields",74899,Coconut,False
109,Acevedo Inc,65354,Water,False
110,"Love, Tucker and Klein",98253,Bottle,False
111,Manning-Armstrong,70708,Computer,False
112,Hardin and Sons,17690,Newspaper,False
113,Nelson Inc,91717,Newspaper,False
114,Perez Group,10777,Flour,False
115,"Taylor, White and Cochran",81508,Electricity,True
116,Melton-Adams,86793,Pillow,False
117,"Owens, Bradford and Diaz",87742,Coconut,True
118,"Kirby, Cox and Martinez",96699,Computer,True
119,Hensley LLC,23519,Glass,False
120,"Myers, Juarez and Hunter",30800,Electricity,True
121,Saunders-Stewart,44565,Furniture,False
122,"Mcdonald, Love and Rodriguez",41447,Bottle,False
123,Jordan-Porter,65501,Furniture,False
124,Bullock Ltd,67537,Coconut,False
125,Randall LLC,27982,Newspaper,False
126,Peters and Sons,19961,Pillow,True
127,Miller LLC,1468,Computer,True
128,Davis-Contreras,45329,Pillow,False
129,"Perkins, Taylor and Lowe",86321,Glass,True
130,Knight Inc,7579,Furniture,False
131,"Mccullough, Alvarez and Lopez",94390,Coconut,True
132,Fernandez-Walker,46815,Pillow,False
133,Farmer-Adams,87614,Coconut,False
134,Hayes PLC,91547,Newspaper,False
135,Baker Group,81603,Newspaper,True
136,Ramirez-Leach,91096,Glass,False
137,"Cox, Craig and Brown",31413,Water,True
138,"Mitchell, Little and Jones",6822,Bottle,False
139,"Reynolds, Oneill and Mccarthy",14483,Bottle,True
140,"Leblanc, Mcknight and Burton",46242,Electricity,True
141,"Nelson, Brady and Jacobson",47555,Electricity,True
142,Martin PLC,47812,Water,False
143,Hurley and Sons,36793,Computer,True
144,Juarez-Young,77737,Furniture,False
145,Woods-Wolfe,11159,Pillow,True
146,Escobar PLC,7911,Furniture,False
147,"Pacheco, Patterson and Thompson",36041,Newspaper,False
148,Chavez Group,43887,Bottle,False
149,Clark-Murphy,88172,Glass,True
150,"Martin, Lopez and Miller",59464,Electricity,True
151,"Norris, Butler and Fitzgerald",27665,Flour,False
152,"Andrade, Lopez and Estes",31421,Furniture,False
153,Gibson-Morales,53747,Glass,True
154,James Group,87525,Pillow,True
155,"Reyes, Gonzales and Young",69775,Electricity,False
156,Ramos Inc,3901,Coconut,True
157,"White, Martinez and Mclean",16872,Newspaper,True
158,Hubbard-Stone,14285,Computer,False
159,"Bowman, Gonzalez and Deleon",11560,Pillow,False
160,"Martinez, Gray and Chambers",75392,Computer,False
161,Todd-Martin,63291,Glass,True
162,Andrews-Pugh,10150,Glass,True
163,Wiggins-Proctor,81535,Water,False
164,Kirk-Massey,13919,Pillow,False
165,"Shaw, Snow and Brown",12513,Furniture,True
166,Vang LLC,65340,Flour,False
167,Reilly LLC,40941,Water,False
168,Smith-Martin,34978,Coconut,False
169,"Thomas, Preston and Foster",19365,Coconut,False
170,James-Davis,93973,Bottle,False
171,Montgomery LLC,26791,Pillow,True
172,"Parker, Lynn and Cooke",90114,Bottle,False
173,"Martin, Lutz and Lynn",79834,Furniture,False
174,Holland-Caldwell,68992,Newspaper,False
175,Sanchez Inc,30017,Newspaper,False
176,"Goodman, Russo and Williams",29520,Pillow,False
177,Mendoza Inc,681,Furniture,False
178,"Reed, Gordon and Hall",38034,Pillow,True
179,"Drake, Daniels and Green",40776,Newspaper,False
180,"Lee, Martin and Khan",54788,Electricity,True
181,"Hebert, Jackson and Cooper",4400,Water,True
182,Gibson-Graham,96877,Flour,True
183,White Group,82486,Water,False
184,Hart Inc,42824,Computer,False
185,Haynes-Clark,93406,Newspaper,False
186,Nichols LLC,69982,Newspaper,True
187,Lewis-Burch,3796,Coconut,True
188,Nolan-Dixon,80113,Flour,True
189,"Taylor, Nguyen and Cox",25131,Furniture,True
190,Wood Group,90974,Electricity,True
191,Davis PLC,83784,Newspaper,False
192,Oneal-Buckley,79031,Newspaper,True
193,Anderson and Sons,93649,Coconut,True
194,"Reid, Lawrence and Goodman",24422,Newspaper,False
195,Miller-Curtis,24237,Glass,True
196,Mccarthy-Hampton,60491,Glass,True
197,"Ortiz, Cruz and Salinas",16588,Computer,False
198,Gomez-Charles,50883,Flour,False
199,Mason Inc,63420,Electricity,False
200,"Stone, Soto and Adams",63744,Glass,False
201,"Silva, Gonzalez and Smith",66011,Computer,False
202,"Kelly, Brown and Hall",79727,Water,False
203,Lucas-Day,15583,Water,True
204,Daniels-King,93980,Coconut,False
205,Clark-Ruiz,85610,Newspaper,False
206,"Edwards, Thomas and Vargas",18053,Water,False
207,Andrews-Frazier,30434,Water,False
208,Barnes-Wright,76498,Water,False
209,Brown Group,99303,Electricity,False
210,Fernandez PLC,6067,Glass,True
211,"Vaughan, Mcdowell and Whitehead",17213,Glass,True
212,Nicholson LLC,75628,Pillow,True
213,Lane LLC,45069,Furniture,False
214,Kerr-Kelly,30808,Computer,False
215,Duke LLC,17898,Pillow,False
216,"Watkins, Delgado and White",89211,Flour,False
217,Holder-Braun,41449,Pillow,True
218,Barber Group,62674,Furniture,True
219,Moyer-Gonzalez,86658,Flour,True
220,"Jordan, Brady and Chaney",98589,Pillow,False
221,"Lewis, Perez and Ross",56083,Newspaper,True
222,"Wilson, Brown and Kaufman",2659,Bottle,True
223,"Larsen, Jordan and Waters",52932,Flour,False
224,Rivera-Ramirez,43785,Electricity,True
225,Steele LLC,36172,Coconut,True
226,Young and Sons,15638,Coconut,True
227,Powers-Mendoza,83560,Electricity,False
228,"Lopez, Anderson and Cox",31124,Pillow,False
229,Carlson-Sandoval,53319,Water,False
230,Ramsey Group,22634,Pillow,False
231,"Bridges, Nelson and Coleman",21708,Glass,False
232,"Daniels, Blanchard and Contreras",71368,Newspaper,True
233,Bowman-Owens,86331,Computer,False
234,Miller-Montoya,12066,Electricity,True
235,Jimenez LLC,55350,Newspaper,False
236,Brennan PLC,34558,Bottle,True
237,Mccormick-Ortiz,6744,Bottle,False
238,Mann PLC,52487,Computer,False
239,"Lane, Gaines and Douglas",48246,Pillow,True
240,Pierce-Gross,99209,Computer,False
241,Davidson PLC,292,Flour,True
242,Ayers Inc,31969,Pillow,False
243,Hester-Johnson,110,Pillow,False
244,Walton-Park,20483,Coconut,True
245,Roberts-Brown,93768,Bottle,True
246,"Mueller, Young and Fernandez",26681,Electricity,True
247,"Bowman, Alexander and Arroyo",65723,Water,True
248,"Coleman, Warren and Gibson",47650,Water,True
249,Mclean-Rodriguez,35809,Glass,False
250,Wise-Jacobs,78661,Electricity,True
251,"Taylor, Cox and Everett",31149,Newspaper,True
252,Roberts Group,80638,Flour,False
253,"Lewis, Campbell and Vaughn",64597,Glass,False
254,Webb and Sons,96801,Electricity,True
255,Mendoza-Lee,18749,Water,True
256,"Reynolds, Owen and Ramirez",77891,Newspaper,True
257,"Davies, Wolfe and Fuentes",90777,Water,False
258,Andrews-Harvey,90396,Flour,False
259,Gordon-Myers,16826,Bottle,True
260,Bass-Burns,14725,Newspaper,True
261,Ellis-Christensen,61671,Pillow,False
262,"Atkinson, Wilcox and Smith",1077,Water,True
263,Nelson and Sons,37026,Flour,True
264,"Burke, Wilson and Elliott",31796,Computer,False
265,Barron-Simmons,55160,Computer,False
266,"Williamson, Lee and Ford",72208,Water,False
267,Martin LLC,51371,Water,True
268,Mathis and Sons,22298,Newspaper,True
269,Wood-Burton,49351,Bottle,False
270,Mcbride-Stuart,37058,Computer,True
271,"French, Rodriguez and Hooper",90023,Computer,True
272,Garner-Newman,3533,Coconut,True
273,Fisher-Jones,35025,Glass,False
274,Thomas LLC,70922,Electricity,True
275,Kaiser Inc,20701,Water,True
276,Dean PLC,37501,Pillow,False
277,Huff Ltd,19741,Furniture,False
278,"Kelly, Brady and Smith",74835,Furniture,False
279,Allen-Martinez,68884,Water,False
280,"Holder, Williams and Marquez",74112,Newspaper,True
281,Wilson-Nelson,52523,Bottle,False
282,Mccarty PLC,76572,Furniture,True
283,Morse-Smith,45917,Coconut,True
284,"Campos, Garrett and Campbell",66858,Glass,False
285,"Jones, Moore and Austin",52707,Computer,False
286,"Lee, Schneider and Diaz",28783,Bottle,False
287,French-Prince,92464,Electricity,False
288,Valdez Ltd,5999,Computer,False
289,Alexander Group,94728,Newspaper,False
290,Moore LLC,49123,Water,False
291,"Garcia, Love and Zimmerman",18887,Newspaper,False
292,Davis LLC,40423,Glass,True
293,Ayers-Butler,31451,Furniture,False
294,"Carter, Hooper and Sims",4307,Water,True
295,"Booth, Campbell and Evans",56342,Flour,True
296,"Shelton, Boyd and Moore",93821,Furniture,False
297,"Combs, Jones and Barnes",82893,Electricity,True
298,Williams Group,34096,Flour,False
299,Jackson PLC,70900,Flour,True
300,"Keller, Romero and Greer",30586,Furniture,False
301,"Munoz, Irwin and Boyd",13262,Electricity,True
302,Foster Ltd,91419,Computer,True
303,Smith and Sons,64676,Water,False
304,"Rivera, Hancock and Johnston",59967,Electricity,True
305,Watkins and Sons,45926,Coconut,False
306,Becker-Collier,51541,Pillow,False
307,Smith-Day,50127,Pillow,False
308,"Ramirez, Ortiz and Campbell",80858,Flour,False
309,"Gibbs, Cooper and Walters",89216,Electricity,False
310,Hernandez Ltd,18833,Flour,False
311,Nicholson LLC,69488,Flour,False
312,Collins PLC,64468,Electricity,False
313,"White, Garrett and Glover",65566,Bottle,False
314,Montgomery-Rodriguez,7098,Water,False
315,"Stewart, Shannon and Hoffman",72037,Flour,False
316,Gordon-Guerra,88390,Glass,False
317,King-Barker,84510,Water,False
318,"Williams, Wagner and Taylor",9082,Glass,True
319,Anderson and Sons,85792,Water,True
320,Larson Group,70825,Newspaper,False
321,"Franco, Wise and Rogers",6638,Water,True
322,Jackson-Garcia,90641,Glass,True
323,Morgan Group,63440,Coconut,True
324,"Garcia, Wheeler and Schwartz",59827,Newspaper,True
325,Francis-Gallagher,33604,Flour,True
326,Williams PLC,57450,Newspaper,False
327,Payne PLC,4643,Flour,True
328,Jackson Ltd,92872,Pillow,True
329,Williams LLC,19199,Coconut,False
330,"Ware, Woods and Berry",50752,Newspaper,True
331,"Murphy, Brown and Davis",11406,Bottle,False
332,Mendoza Group,2967,Computer,True
333,"Mejia, Aguilar and Greer",47182,Computer,True
334,Heath-Clark,97182,Furniture,False
335,"Clay, Murray and Rosales",55604,Flour,False
336,"Sanchez, Munoz and Young",63496,Flour,True
337,"Smith, Davis and King",14697,Coconut,True
338,Hurst-Ray,65726,Electricity,False
339,Everett-Wang,5421,Newspaper,False
340,"Hardin, Thomas and Braun",75975,Coconut,False
341,Oconnor-Davis,22035,Flour,False
342,"Chung, Washington and Williams",58343,Newspaper,False
343,"Carrillo, Clark and Torres",83291,Electricity,False
344,"Hutchinson, Cobb and Harper",53485,Water,True
345,Smith-Miles,51172,Electricity,True
346,"Hunter, Mann and Campbell",97905,Furniture,False
347,Hammond Group,59800,Glass,False
348,Lopez-Chen,43379,Computer,False
349,"Butler, Jones and Griffin",66429,Coconut,True
350,Jackson-Garcia,57804,Glass,False
351,Mitchell-Edwards,96634,Bottle,True
352,Campbell-Fuller,82814,Electricity,True
353,"Fischer, Robinson and Banks",64701,Furniture,False
354,Reynolds PLC,19497,Newspaper,False
355,Cowan-Velez,30666,Electricity,True
356,Martin PLC,42906,Computer,True
357,Ford Inc,35526,Newspaper,False
358,Taylor Group,79647,Newspaper,True
359,"Thomas, Martin and Thomas",32660,Bottle,True
360,"Weaver, Davis and Montes",96747,Coconut,True
361,Knox-Sanchez,51251,Furniture,True
362,Nicholson Group,47389,Pillow,True
363,Pennington PLC,65940,Pillow,True
364,Stevens Inc,93505,Coconut,False
365,Wright-Garner,25538,Flour,True
366,"Turner, Washington and Wang",65242,Water,True
367,"Patterson, Ellis and Torres",4426,Flour,False
368,Morris Ltd,7885,Pillow,False
369,Garcia-Andrews,26801,Computer,True
370,"Holmes, Kim and Stone",1252,Flour,True
371,"Williamson, Acevedo and Anderson",18416,Water,True
372,Cardenas LLC,72353,Bottle,True
373,Jackson-Smith,93669,Newspaper,True
374,Adams LLC,62213,Bottle,True
375,"Vasquez, Hanson and Mcgee",26550,Electricity,False
376,Dudley Ltd,57805,Furniture,False
377,Harper LLC,22707,Furniture,True
378,"Wilson, Acevedo and Newton",31817,Glass,False
379,Swanson and Sons,2920,Bottle,True
380,"Watts, Berger and Brown",49141,Pillow,False
381,Chen Ltd,30850,Pillow,False
382,Clark PLC,78473,Coconut,True
383,Lin-Donovan,63827,Pillow,False
384,"Wilson, Lamb and Hobbs",81334,Furniture,False
385,Walker-Rivera,50194,Water,False
386,Myers Group,30224,Computer,True
387,Duran-Williams,76964,Computer,False
388,Barajas Inc,26463,Water,False
389,Anderson Group,15657,Furniture,False
390,"Singh, Ruiz and Owens",10702,Pillow,True
391,Johnson Ltd,21816,Furniture,True
392,Stevens Ltd,39726,Flour,True
393,Alexander Ltd,66686,Computer,False
394,Montoya LLC,42496,Pillow,False
395,Brown-Bailey,41489,Glass,False
396,Trevino LLC,50395,Pillow,True
397,Coleman LLC,47993,Glass,False
398,"Robinson, Morris and Graves",57362,Computer,True
399,"George, Snow and Wood",45787,Furniture,False
400,"Jackson, Williams and Mitchell",44057,Newspaper,False
401,"Pierce, Ford and Dunn",3711,Coconut,True
402,"Smith, Evans and Williams",48493,Newspaper,True
403,Wallace Group,99283,Glass,False
404,"Merritt, Alvarez and Aguilar",55443,Water,False
405,"Black, Hayes and Frank",94591,Bottle,False
406,Cunningham and Sons,83307,Newspaper,True
407,Parker LLC,75670,Furniture,True
408,Bryant and Sons,21352,Furniture,False
409,"Burns, Skinner and Cox",19130,Water,False
410,Robinson LLC,97553,Newspaper,True
411,"Gomez, Bass and Johnston",47683,Water,True
412,Dominguez PLC,37155,Flour,False
413,Flores-Lopez,26666,Glass,True
414,"Webster, Townsend and Burnett",70775,Glass,False
415,Bright PLC,84882,Coconut,True
416,"Murray, Payne and Wise",82468,Flour,False
417,Hart-Brown,35925,Computer,True
418,Bishop Group,41940,Furniture,False
419,Daniel Inc,39584,Computer,False
420,"Knight, Adams and Peck",69200,Newspaper,False
421,Pugh-Green,43550,Glass,True
422,Lynch-Lucas,812,Glass,True
423,Morris PLC,14277,Water,True
424,Allison PLC,32021,Newspaper,True
425,Erickson Ltd,11720,Computer,True
426,"Fowler, Harrison and Curtis",32076,Pillow,True
427,"Gonzalez, Carter and Gibbs",4760,Coconut,False
428,Flores-Johnson,16221,Newspaper,False
429,Bryant-Wang,37825,Glass,False
430,Williams-Perez,24289,Computer,False
431,Joseph-Bryant,94261,Flour,False
432,Bruce Group,38000,Flour,True
433,Serrano LLC,44547,Electricity,True
434,Pratt-Graves,30393,Newspaper,True
435,"Baker, Huynh and Parker",4447,Electricity,False
436,Hill-Archer,1006,Electricity,False
437,Gilbert-Berry,93496,Bottle,True
438,Jones LLC,38962,Computer,True
439,Wood PLC,29908,Water,True
440,Sanders Ltd,81739,Coconut,False
441,"Taylor, Clark and Williams",251,Flour,True
442,Woods-Contreras,80553,Newspaper,False
443,"Hall, Lynn and Davis",57523,Electricity,False
444,Williams and Sons,45212,Flour,False
445,"Nelson, Gonzales and Zimmerman",49968,Furniture,True
446,White PLC,26644,Coconut,False
447,Fletcher PLC,82356,Pillow,False
448,"Perkins, Thompson and Valdez",20759,Furniture,False
449,"Wheeler, Moore and Morales",99185,Glass,True
450,Hall-Cox,78718,Electricity,False
451,Hill Group,16608,Glass,True
452,Christensen-Taylor,5676,Coconut,True
453,"Thompson, Mendez and Richards",47384,Flour,True
454,"Washington, Johnson and Howard",97110,Water,True
455,"Harper, Garcia and Shelton",49648,Water,False
456,Johnson and Sons,52531,Pillow,True
457,Gamble LLC,3520,Pillow,True
458,Hunter-Martinez,27616,Bottle,True
459,"Wright, Medina and Ross",99147,Newspaper,True
460,Price Inc,8741,Computer,False
461,Allen and Sons,50396,Coconut,True
462,Mclaughlin Group,80099,Newspaper,True
463,"Harper, Velazquez and Gonzalez",65343,Flour,False
464,"Evans, Jimenez and Jones",14465,Glass,True
465,Khan-Fletcher,69499,Furniture,True
466,Shelton Ltd,8288,Pillow,True
467,Howell-Little,43695,Pillow,False
468,Mendez-Bowman,19575,Flour,False
469,"Smith, Watson and Schaefer",10792,Bottle,False
470,"Baker, Lara and Reed",44460,Computer,True
471,Gonzalez Group,41655,Furniture,False
472,"Hood, Floyd and Pierce",9811,Flour,False
473,"Houston, Evans and Vasquez",52441,Electricity,True
474,Beck and Sons,43689,Coconut,True
475,"Henderson, Summers and Hernandez",54527,Pillow,True
476,Ramos-Smith,99494,Flour,False
477,Moore PLC,17904,Computer,False
478,"Cochran, Taylor and Escobar",18056,Computer,False
479,Wright-Cox,91064,Coconut,False
480,Morris-Garcia,64700,Bottle,True
481,"Kirk, Bell and Mendoza",38491,Pillow,False
482,Mcclain Ltd,12142,Computer,False
483,Miller-Thompson,21821,Water,True
484,Ryan-White,13527,Electricity,True
485,Harrison LLC,55877,Coconut,True
486,Montgomery Inc,1707,Glass,True
487,"Smith, Jones and Lang",81601,Electricity,True
488,White-Roberts,77612,Glass,True
489,Gray-Hanson,54153,Pillow,True
490,Clark and Sons,28955,Coconut,True
491,Horn-Fisher,77771,Coconut,False
492,"Larsen, Robinson and Marshall",10470,Flour,False
493,"Bryant, Warren and Rojas",25857,Pillow,True
494,"Davis, Lewis and Walker",14450,Glass,False
495,Johnson Ltd,344,Bottle,True
496,Jones Group,6952,Coconut,False
497,Cabrera PLC,29291,Bottle,True
498,Turner-Collins,98990,Water,False
499,"Kim, Webb and Davis",4644,Bottle,False
500,Griffith-Walker,94232,Computer,False
501,"Mcdonald, Elliott and Wright",66130,Bottle,False
502,Boyd LLC,79870,Water,True
503,Cortez-Jackson,70011,Electricity,False
504,Moore LLC,96704,Flour,True
505,Perkins-Sanchez,39374,Newspaper,False
506,"Rodgers, Sherman and Allen",30948,Electricity,True
507,Hamilton-Fox,43585,Electricity,True
508,"Wright, Fleming and Weaver",9605,Newspaper,False
509,Brown PLC,52392,Coconut,True
510,Hall Ltd,76660,Glass,False
511,Price LLC,33880,Coconut,True
512,Hoover PLC,4762,Furniture,False
513,"Moore, Green and Andrade",8690,Bottle,False
514,"Harris, Green and Stokes",48764,Coconut,False
515,"Ramirez, Shaw and Guzman",55698,Electricity,False
516,Keller-Petersen,9393,Pillow,False
517,"Wolfe, Moran and Heath",98727,Water,False
518,Ibarra Group,32557,Electricity,False
519,Esparza-Payne,77842,Glass,False
520,Bender Ltd,37875,Coconut,False
521,Price-Harris,59436,Computer,False
522,Barnett LLC,59424,Electricity,True
523,Carrillo LLC,22861,Furniture,False
524,Johnson-Clark,78926,Pillow,False
525,Cooper LLC,5674,Glass,False
526,"Rodriguez, Vasquez and Mclean",11638,Bottle,True
527,"Allen, Yoder and Grant",22658,Electricity,False
528,Brown-Johnson,46598,Coconut,True
529,Yoder-Charles,41313,Pillow,False
530,Vargas Inc,48622,Electricity,False
531,Hernandez Inc,50529,Electricity,True
532,Williams and Sons,1300,Flour,True
533,Hoffman-Horn,15581,Glass,True
534,"Copeland, Jones and Taylor",59181,Bottle,True
535,"Hernandez, Olsen and Garza",14568,Pillow,False
536,Hughes Group,61874,Water,False
537,Duran-Johnson,78291,Water,True
538,Dickson Inc,29647,Furniture,True
539,"Brennan, Wilson and Murphy",12969,Computer,True
540,Huynh LLC,48022,Coconut,True
541,Griffith and Sons,40869,Flour,False
542,"Hill, Burns and Black",83011,Electricity,False
543,Ramos Inc,87753,Flour,False
544,Smith-Robinson,22072,Newspaper,False
545,Bryant Inc,45155,Bottle,False
546,Wright PLC,44422,Furniture,False
547,"Kim, Wood and Stewart",29327,Computer,True
548,Jones-Williams,86515,Water,True
549,James and Sons,80142,Flour,True
550,Anderson Ltd,31047,Glass,False
551,Lewis-Stafford,31266,Computer,False
552,Johnson-Carroll,23354,Water,True
553,Weaver Ltd,16723,Coconut,False
554,"Stevenson, Rivas and Mitchell",58331,Flour,True
555,Lopez-Morris,91358,Water,True
556,Allen-Villa,63373,Bottle,True
557,"Nelson, Meyer and Wu",55093,Newspaper,False
558,Kaiser Inc,89048,Newspaper,False
559,Parsons and Sons,92760,Computer,False
560,"Boone, Jones and Allen",14689,Pillow,False
561,Brown-Gaines,2912,Newspaper,True
562,Blake-Nguyen,29954,Furniture,True
563,Steele-Griffith,81109,Flour,False
564,Hall-Leonard,12874,Electricity,True
565,Peters-Reese,94080,Furniture,False
566,Potter LLC,30971,Electricity,False
567,"Stokes, Edwards and Oliver",71682,Furniture,True
568,Bender PLC,91729,Bottle,False
569,Turner PLC,11028,Glass,False
570,"Mathews, Gibson and Harrison",30112,Newspaper,False
571,Carroll-Brown,93851,Bottle,True
572,"Nelson, Robbins and Schultz",86772,Flour,False
573,"Gibson, Walker and Cruz",83906,Glass,False
574,Nelson-Thomas,7509,Electricity,True
575,"Jacobs, Collins and Allen",6942,Glass,False
576,"Rodriguez, Gill and Bennett",76616,Computer,True
577,Moore LLC,21973,Glass,False
578,Church-Jarvis,59267,Furniture,False
579,"Moore, Clark and Williams",95652,Newspaper,True
580,"Newman, Brooks and Bates",77123,Flour,True
581,Johnson Group,5962,Glass,True
582,Steele Group,35762,Electricity,True
583,Johnson PLC,35705,Glass,False
584,"Smith, Thompson and Valdez",30527,Furniture,False
585,"Oconnell, Cooper and Schmitt",45695,Newspaper,False
586,Wilson PLC,86694,Pillow,True
587,"Brown, Manning and Morales",67153,Newspaper,True
588,"Jones, Chandler and Miller",79137,Bottle,False
589,Dawson and Sons,72205,Pillow,False
590,Mason LLC,55151,Flour,True
591,Daniels-Wright,21450,Flour,False
592,"Novak, Williams and Kim",72851,Glass,False
593,Reid-Kennedy,8124,Flour,False
594,"Duffy, Haynes and Meza",96939,Pillow,True
595,Mcbride-Barnes,76499,Electricity,False
596,Johnson PLC,42337,Water,True
597,Moore Ltd,60757,Newspaper,False
598,Ward-Jackson,45411,Water,False
599,Howell-Walsh,69758,Coconut,False
600,"Ramos, Burgess and Nichols",28304,Electricity,False
601,"Garcia, Frye and Gibbs",91813,Furniture,True
602,Sweeney-Quinn,92910,Computer,False
603,Porter Group,3188,Newspaper,False
604,Kramer Group,39996,Electricity,False
605,Brown Group,95573,Pillow,False
606,Perez PLC,80030,Newspaper,True
607,Nelson-Perry,63561,Furniture,True
608,"Weber, Mcmahon and Young",2111,Pillow,False
609,"Mcpherson, Castro and Singh",24093,Glass,True
610,Johnson-Holland,84583,Newspaper,False
611,Reyes LLC,97201,Furniture,False
612,Barnett-Fields,85838,Furniture,False
613,Fuller LLC,87856,Flour,True
614,Salazar-Zimmerman,11766,Furniture,False
615,Graves-Pearson,98818,Furniture,False
616,Kirk and Sons,64945,Newspaper,False
617,Harvey-Tran,25773,Computer,True
618,Durham LLC,84368,Electricity,True
619,"Mills, Cooper and Burton",27583,Computer,False
620,Berry-Hall,87194,Computer,True
621,"Chung, Hopkins and Freeman",15042,Computer,True
622,Morales and Sons,25710,Water,False
623,Robinson-Willis,54701,Water,False
624,"Miller, Steele and Doyle",24087,Glass,False
625,"Gordon, Williamson and Cook",59778,Glass,False
626,Benton Group,60697,Pillow,True
627,Jensen PLC,88244,Bottle,True
628,"Kelly, Smith and Stevens",5003,Flour,True
629,Gibbs Inc,48148,Pillow,True
630,"Hill, Thomas and Berg",56048,Furniture,False
631,Ferguson-Vaughn,2694,Bottle,True
632,"Rice, Garcia and Gates",1585,Glass,False
633,Salazar Group,54245,Furniture,True
634,"Carter, Shah and Powell",63497,Coconut,False
635,Crawford Group,52837,Computer,False
636,Chase Ltd,41108,Pillow,True
637,Kirby PLC,53736,Computer,True
638,King Group,85505,Electricity,False
639,"Brock, Ruiz and Flores",35023,Glass,False
640,Arnold PLC,40099,Flour,True
641,Byrd-Morgan,6757,Glass,True
642,Coleman-Cunningham,54321,Electricity,False
643,"Bean, Carney and Harrison",69937,Pillow,True
644,Garner Ltd,88016,Pillow,True
645,Clarke Inc,94622,Bottle,False
646,Jones and Sons,92727,Water,False
647,"Weeks, Cooper and Avery",4170,Electricity,False
648,Chavez Ltd,66462,Newspaper,False
649,"Powers, Turner and Fox",51803,Electricity,False
650,"Gomez, Harper and Williams",86412,Furniture,True
651,Barrett Group,7354,Water,False
652,Gomez Group,43307,Newspaper,True
653,Collins Group,45002,Flour,False
654,Kim-Williams,66416,Coconut,False
655,Smith and Sons,11110,Water,True
656,Black Inc,10193,Glass,True
657,"Ballard, Ward and Cole",49124,Glass,True
658,"Mcpherson, Arroyo and Brown",93624,Flour,True
659,"Smith, Goodman and Lopez",40171,Water,True
660,"Harris, Burgess and Jensen",44021,Coconut,False
661,"Cole, Williams and Silva",32687,Coconut,True
662,Baker Ltd,1447,Furniture,True
663,Stewart-Gross,84579,Bottle,True
664,Goodwin and Sons,9065,Computer,False
665,Wilson-Burke,51877,Electricity,False
666,"Hayes, Baldwin and Perez",34229,Furniture,True
667,Armstrong-Bradley,36624,Bottle,False
668,Arias Ltd,11131,Newspaper,False
669,Mata PLC,67466,Bottle,True
670,Freeman Group,66786,Electricity,True
671,"Allen, Rowe and Howard",49793,Flour,False
672,Lowe-Dean,97730,Water,False
673,Lara-Jones,96779,Pillow,True
674,Robinson-Herman,97423,Pillow,False
675,Fowler-Burgess,41699,Coconut,True
676,"Moore, Graham and Holland",6467,Flour,False
677,Mccarty LLC,42458,Bottle,True
678,Jefferson LLC,88263,Pillow,False
679,Arias-Nelson,39865,Furniture,False
680,Nash LLC,67373,Furniture,False
681,Shepherd-Lloyd,73929,Glass,False
682,Adams-Carrillo,62345,Bottle,False
683,Gonzalez LLC,35127,Bottle,False
684,Bennett-Cabrera,5850,Furniture,True
685,Baker-Rodriguez,50949,Flour,False
686,Kelly-Riley,11759,Water,False
687,"Terry, Quinn and Willis",94972,Water,True
688,Le-Turner,13255,Furniture,True
689,Black-Daniels,37534,Flour,False
690,Weaver-Brown,55568,Pillow,False
691,Reed-Jones,77487,Furniture,True
692,"Daugherty, Ward and Pena",51833,Computer,False
693,Morales Group,78803,Electricity,False
694,"Adkins, Ramos and Lloyd",48509,Bottle,False
695,Moore-Kaiser,49779,Coconut,False
696,Smith-Baxter,20686,Flour,False
697,"Myers, Wallace and Norman",56015,Coconut,True
698,"Bullock, Hunter and Lee",57380,Bottle,False
699,Morrow Ltd,33035,Coconut,False
700,Lucas-Watson,19043,Coconut,True
701,Reynolds Ltd,40903,Furniture,False
702,Rodriguez LLC,68544,Coconut,True
703,"Bennett, Wells and Roberts",20806,Computer,False
704,Vasquez and Sons,32337,Electricity,True
705,Carlson Inc,73416,Newspaper,True
706,"Simon, Casey and Li",92876,Coconut,True
707,Collier Group,5322,Newspaper,False
708,"Armstrong, Edwards and Wilcox",75052,Flour,True
709,"Hodge, Bell and Thomas",26962,Newspaper,False
710,"Kelly, Goodman and Campbell",84408,Flour,False
711,"Anderson, Frost and Carlson",81339,Coconut,False
712,"Taylor, Allen and Robbins",15914,Furniture,False
713,Chan-Neal,85592,Furniture,True
714,Mcpherson Ltd,25107,Computer,False
715,Hull-Herring,68805,Pillow,False
716,"Johnson, Huerta and Horton",78785,Computer,False
717,Zavala-Lane,80923,Computer,True
718,"Hutchinson, Doyle and Sanders",22210,Newspaper,True
719,Whitehead-Scott,61388,Flour,False
720,Lopez Ltd,25631,Electricity,True
721,Shields-Snyder,11580,Computer,True
722,Willis-Hobbs,14751,Bottle,True
723,King-Walker,56597,Furniture,False
724,Adams and Sons,32406,Computer,False
725,Castro and Sons,26704,Flour,False
726,Obrien-Estrada,48920,Water,True
727,Evans LLC,7545,Coconut,True
728,Richardson PLC,31600,Furniture,False
729,West-Rivera,92958,Furniture,False
730,"Perez, Wilson and Nunez",72906,Glass,True
731,Barajas Ltd,49376,Furniture,False
732,"Black, Arnold and Lozano",84106,Pillow,True
733,Klein Group,46261,Electricity,False
734,Berry-Cooper,73983,Glass,True
735,Moore-Banks,29677,Newspaper,True
736,"Jones, Hart and Harris",54347,Bottle,False
737,"Moses, Salas and Barnes",13820,Newspaper,True
738,Rojas-Reid,75264,Glass,True
739,Robertson Ltd,70657,Furniture,False
740,"Allen, Chen and Smith",73529,Water,False
741,Dawson and Sons,41779,Pillow,True
742,"Love, Jones and Campbell",69538,Coconut,False
743,"Evans, Carroll and Baxter",61248,Coconut,True
744,"Newman, Simmons and Scott",12969,Newspaper,True
745,"Byrd, Fields and Schmitt",24872,Pillow,True
746,Spencer-Harris,91061,Furniture,True
747,Mason-Wood,44641,Flour,False
748,Cardenas and Sons,41552,Bottle,True
749,Pace Inc,29341,Pillow,False
750,"Williams, Green and Howell",31242,Coconut,False
751,"Woods, Lewis and Glover",58721,Pillow,True
752,Esparza-Tran,95812,Electricity,True
753,Francis-Stewart,50669,Glass,True
754,Tran-Alvarez,56882,Flour,True
755,Collins Ltd,85736,Water,False
756,Goodwin PLC,56037,Water,False
757,Perez PLC,25556,Pillow,True
758,"Wright, Bruce and Ortega",32327,Bottle,True
759,Ellis-Valdez,61075,Water,False
760,Hamilton-Reynolds,48538,Newspaper,True
761,"Sanchez, Green and Wang",97833,Flour,False
762,Hull-Mccoy,64198,Furniture,False
763,Brown-Marshall,2431,Furniture,True
764,Peters-Williams,60892,Computer,False
765,York-Graves,79220,Electricity,True
766,"Mason, Mullen and Case",12365,Water,True
767,"Castillo, Acosta and Walker",65265,Bottle,True
768,"Novak, Ho and Martinez",69243,Coconut,False
769,"Chang, Fuller and Glenn",51226,Flour,False
770,"Wilson, Haas and Vasquez",65525,Bottle,False
771,Caldwell and Sons,42366,Water,False
772,Harper-Lee,33190,Water,False
773,Smith Ltd,41866,Water,True
774,Chaney and Sons,19297,Glass,True
775,"Walker, Rivera and Wilcox",88787,Furniture,True
776,"Marshall, Reeves and Schmidt",19598,Pillow,True
777,"Ayala, Walker and Fuentes",56674,Newspaper,True
778,"Burns, Castro and Rasmussen",66452,Computer,True
779,Oconnor Group,35401,Pillow,False
780,Kramer-Hernandez,99864,Glass,False
781,Prince Ltd,63232,Computer,True
782,Johnson Group,39413,Newspaper,False
783,"Ramirez, Pugh and Jones",84158,Glass,True
784,"Callahan, Oneill and Lutz",3237,Pillow,True
785,Chambers-Ewing,7677,Electricity,False
786,Lopez Ltd,36212,Water,False
787,Stevens-Garcia,37921,Electricity,False
788,"Schroeder, Fields and Briggs",98472,Coconut,False
789,"Newman, Cabrera and Beasley",36768,Pillow,True
790,"White, Ramirez and Robinson",689,Bottle,True
791,"Rose, Brown and Costa",83337,Coconut,True
792,"Harrington, Moran and Johnson",19505,Water,True
793,Chung Ltd,48529,Bottle,True
794,"Newton, Moore and Hughes",45409,Pillow,False
795,"Vargas, Becker and Kennedy",21529,Coconut,True
796,Dean and Sons,77070,Newspaper,True
797,Robinson LLC,57605,Pillow,True
798,Griffin-Campos,42249,Furniture,True
799,Jackson-Morrison,15437,Bottle,False
800,"Thomas, Mccarthy and Dyer",50748,Furniture,True
801,Beard-Romero,78019,Newspaper,True
802,Aguilar LLC,83018,Newspaper,False
803,Gentry Ltd,57235,Newspaper,True
804,Torres-Horton,50308,Bottle,True
805,Johnston-Cohen,16356,Newspaper,False
806,"Smith, Snyder and Robinson",29259,Coconut,False
807,Meyers-Anderson,85113,Pillow,False
808,Fuller-Allen,60357,Computer,False
809,Peterson-Crawford,5031,Bottle,False
810,Cruz Inc,30165,Electricity,False
811,"Hutchinson, Riddle and Hall",78626,Newspaper,False
812,Craig-Lopez,50546,Water,False
813,Richard PLC,60044,Flour,True
814,"Carrillo, Barber and Hall",52611,Newspaper,True
815,Obrien-Walker,21598,Electricity,False
816,Coffey Ltd,81676,Water,False
817,Haynes LLC,45595,Newspaper,True
818,Quinn and Sons,16601,Flour,True
819,Hamilton Ltd,34796,Coconut,False
820,Keller Group,98117,Furniture,True
821,Taylor-Paul,57696,Electricity,True
822,Cannon-Morris,49382,Glass,True
823,Navarro Ltd,57004,Water,False
824,Chavez PLC,96640,Furniture,True
825,"Horn, Rivas and Smith",64823,Glass,True
826,Wright PLC,82053,Furniture,True
827,Ramos LLC,95916,Furniture,True
828,Watts Ltd,27344,Flour,False
829,Cook Ltd,25984,Computer,False
830,Robinson-Castillo,6231,Pillow,True
831,Wallace-Frazier,56362,Coconut,False
832,Castro-Moore,6755,Furniture,True
833,"Ingram, Gallagher and Robinson",66573,Newspaper,False
834,Lee PLC,92370,Pillow,True
835,Patton Group,85044,Flour,True
836,"Clarke, Robinson and Kane",10401,Pillow,True
837,"Kennedy, Potter and Holt",37849,Furniture,False
838,"Smith, Thompson and Williams",15615,Glass,False
839,Meadows Inc,24636,Furniture,False
840,Olson Ltd,91854,Newspaper,False
841,Williams LLC,16474,Electricity,True
842,"Reed, Young and Smith",88512,Electricity,True
843,"Riley, Fowler and Arnold",21834,Computer,False
844,Roth-Johnson,18056,Newspaper,True
845,Bentley and Sons,93836,Electricity,False
846,Campbell PLC,43164,Flour,False
847,Luna-Mercado,63001,Water,True
848,Payne-Garcia,38849,Furniture,False
849,"Moore, Fields and Weber",40441,Water,True
850,"Blankenship, Crawford and Lawson",46151,Water,True
851,Miller-Hutchinson,3655,Furniture,True
852,Miller-Caldwell,52077,Furniture,True
853,"Conway, Delgado and Porter",23715,Water,True
854,Brown-Campbell,25341,Water,True
855,Murphy-Campbell,96739,Coconut,True
856,"Mueller, Atkins and Blake",92020,Bottle,False
857,Olson-Martinez,68341,Bottle,False
858,Lamb-Barry,98215,Bottle,False
859,Powell Ltd,62648,Pillow,True
860,"James, Miller and Hayes",27219,Flour,False
861,"Dunn, Schmidt and Anderson",96310,Water,True
862,Cole Ltd,97938,Pillow,False
863,"Fleming, Jackson and Mueller",644,Flour,False
864,"Gutierrez, Bennett and Johnson",47718,Pillow,True
865,Miller Inc,94794,Flour,False
866,"Zamora, Nguyen and Clarke",54526,Glass,True
867,Johnson LLC,61291,Furniture,False
868,Walls Group,93905,Newspaper,True
869,Robertson Group,57210,Water,True
870,Petersen-Oliver,23508,Flour,False
871,Daniels Ltd,78149,Electricity,False
872,Long-Allen,95569,Computer,True
873,Miller-Villa,63443,Bottle,False
874,"Dean, Johnson and Mckay",49169,Furniture,True
875,Murphy-Robinson,62533,Glass,True
876,Lindsey-Lopez,60892,Bottle,True
877,"Kemp, Peterson and Arnold",86170,Electricity,False
878,"Best, Bell and Garcia",83873,Water,True
879,"Everett, Griffin and Robinson",65765,Glass,True
880,Smith Ltd,28262,Electricity,False
881,Davis-Erickson,51959,Water,True
882,"Horton, Stewart and Williamson",11330,Glass,False
883,Brown-Jones,29131,Water,True
884,Watson-Payne,92051,Pillow,False
885,Brandt-Hernandez,57146,Flour,True
886,Vang Inc,99216,Flour,False
887,Whitehead Ltd,33469,Glass,False
888,Wilson-Salinas,88137,Furniture,True
889,Weaver PLC,51732,Glass,True
890,"Galloway, Mayo and Cabrera",79418,Pillow,False
891,"Smith, Oliver and Haley",43853,Newspaper,False
892,Hamilton-Ellison,87543,Electricity,True
893,Dillon Ltd,68096,Pillow,True
894,Bridges and Sons,8647,Water,False
895,Parsons-Young,16544,Furniture,False
896,Davidson-Bush,66534,Newspaper,True
897,Vega Ltd,64803,Electricity,False
898,"Sanders, Robinson and Ferguson",90455,Bottle,False
899,"Rasmussen, Branch and Hunt",91307,Pillow,False
900,Pitts-Nicholson,48902,Flour,True
901,Andrade-Russo,34570,Glass,False
902,"Vargas, Wright and Donaldson",45763,Computer,True
903,Sanchez-Bradley,89084,Glass,True
904,Chandler Inc,13033,Furniture,True
905,"Brooks, Reyes and Lyons",16377,Coconut,True
906,"Moore, Hall and Torres",91630,Coconut,True
907,Stuart Inc,57375,Electricity,False
908,"Payne, Hamilton and Charles",12045,Flour,True
909,Powers-Beck,32340,Pillow,False
910,"Hudson, Mckay and Park",27225,Newspaper,True
911,Smith and Sons,68003,Furniture,False
912,"Lozano, Bell and Bailey",54629,Bottle,True
913,"Flynn, Smith and Hill",26659,Bottle,False
914,Marquez-Becker,45629,Water,False
915,Jordan Ltd,99014,Water,False
916,"Wells, Mills and Cline",62921,Coconut,True
917,"Martin, Bowman and Benson",30040,Pillow,True
918,"Allen, Hendrix and Ramos",45388,Pillow,True
919,"Smith, Leach and Smith",11762,Coconut,False
920,Collins-Taylor,65167,Bottle,False
921,Long-Freeman,29660,Bottle,True
922,Anderson-Osborn,57246,Coconut,True
923,"Miller, Stout and Anderson",7101,Newspaper,True
924,"Gomez, Schaefer and Stuart",26243,Pillow,True
925,Munoz-Watson,83949,Furniture,True
926,Romero Ltd,81113,Water,True
927,"Blake, Casey and Norris",75837,Coconut,False
928,Baker-Chen,68057,Newspaper,False
929,Choi-Stark,83362,Bottle,False
930,"Delacruz, Arellano and Sharp",20017,Pillow,False
931,"Hayden, Rojas and Taylor",90802,Bottle,True
932,Roberts-Alvarez,73660,Water,False
933,Salinas-Rogers,39547,Water,True
934,Sosa LLC,64093,Flour,False
935,"Marquez, Brown and Matthews",72420,Water,False
936,"King, Swanson and Sanders",22959,Bottle,True
937,"Pratt, Diaz and Mclean",72750,Computer,False
938,Martinez Ltd,16452,Bottle,False
939,"Rocha, Adkins and Franklin",93728,Water,False
940,Boyd PLC,39574,Newspaper,False
941,Oliver-Adams,99337,Flour,False
942,Williams-Perkins,73403,Flour,False
943,Clements PLC,58537,Coconut,False
944,Benson Ltd,16507,Electricity,False
945,Nichols-Leblanc,35801,Computer,False
946,"Smith, Sanchez and Sharp",76965,Water,False
947,Smith PLC,43544,Electricity,True
948,Clark-Padilla,17700,Water,True
949,Mcbride-Peterson,97753,Flour,False
950,Case Inc,94207,Flour,True
951,Thompson-Thomas,33128,Water,True
952,Macdonald Group,63330,Computer,True
953,"Vazquez, White and King",85114,Pillow,False
954,Harrison Group,24494,Flour,False
955,Kelly Inc,8510,Glass,False
956,Nguyen-Wilkins,36778,Flour,False
957,"Walker, Ho and Fuentes",17974,Water,False
958,Smith Inc,7882,Water,True
959,Garcia-Erickson,21356,Newspaper,True
960,"Burke, Clark and Burke",30718,Bottle,True
961,Brown PLC,8962,Electricity,True
962,"Roberts, Griffin and Harris",81092,Flour,False
963,Wright Inc,37006,Furniture,False
964,Newton PLC,39854,Coconut,False
965,Martin LLC,32254,Water,True
966,Kim Inc,24790,Flour,True
967,"Hunt, Gonzalez and Miller",43649,Pillow,False
968,Sanchez-Alvarez,57939,Water,True
969,Robertson Inc,99600,Computer,False
970,Edwards-Barron,19763,Glass,True
971,"Ortiz, Pearson and Sanders",49784,Glass,False
972,"Smith, Mcgee and Reeves",44833,Newspaper,True
973,Johnson-White,61555,Flour,False
974,Sherman Inc,47160,Water,False
975,Romero-Klein,22080,Bottle,False
976,Warren-Parker,1721,Furniture,True
977,Foster Inc,23668,Newspaper,False
978,Weaver-Peters,12550,Flour,True
979,Brown-Peterson,60448,Computer,False
980,Davis-Patel,95210,Electricity,True
981,White-Diaz,36794,Furniture,False
982,Valdez and Sons,33605,Glass,False
983,Morrow-Vincent,13117,Furniture,False
984,Foster Ltd,30440,Bottle,True
985,White Group,39845,Flour,False
986,Stewart-Mckinney,72578,Glass,True
987,Rivera LLC,86929,Glass,True
988,Thomas Ltd,33621,Bottle,False
989,Dunlap Ltd,53074,Furniture,True
990,"Clayton, Hammond and Clark",59351,Coconut,False
991,"Baker, Olson and Burnett",38779,Furniture,True
992,Ross Group,43617,Computer,True
993,"Monroe, Allen and Cooper",23613,Bottle,False
994,Cole and Sons,8324,Furniture,True
995,Molina-Figueroa,65925,Electricity,True
996,Bennett Inc,26364,Electricity,False
997,"Brown, Miller and Spears",1869,Furniture,False
998,Moses Group,19076,Coconut,True
999,Wolfe-Doyle,8740,Pillow,False
